"page_id","candidate_label","statue_id","source_type","source_query","commons_title","commons_page_url","download_url","local_path","sha1","width","height","license","author","cropper_key"
"190412419","nakprok","Luang Pho Sila (Wat Thung Saliam)","category","Category:Luang Pho Sila (Wat Thung Saliam)","File:Luang Pho Sila (Wat Thung Saliam) หลวงพ่อศิลา วัดทุ่งเสลี่ยม (2026) - img 03.jpg","https://commons.wikimedia.org/wiki/File:Luang_Pho_Sila_(Wat_Thung_Saliam)_%E0%B8%AB%E0%B8%A5%E0%B8%A7%E0%B8%87%E0%B8%9E%E0%B9%88%E0%B8%AD%E0%B8%A8%E0%B8%B4%E0%B8%A5%E0%B8%B2_%E0%B8%A7%E0%B8%B1%E0%B8%94%E0%B8%97%E0%B8%B8%E0%B9%88%E0%B8%87%E0%B9%80%E0%B8%AA%E0%B8%A5%E0%B8%B5%E0%B9%88%E0%B8%A2%E0%B8%A1_(2026)_-_img_03.jpg","https://upload.wikimedia.org/wikipedia/commons/thumb/e/ee/Luang_Pho_Sila_%28Wat_Thung_Saliam%29_%E0%B8%AB%E0%B8%A5%E0%B8%A7%E0%B8%87%E0%B8%9E%E0%B9%88%E0%B8%AD%E0%B8%A8%E0%B8%B4%E0%B8%A5%E0%B8%B2_%E0%B8%A7%E0%B8%B1%E0%B8%94%E0%B8%97%E0%B8%B8%E0%B9%88%E0%B8%87%E0%B9%80%E0%B8%AA%E0%B8%A5%E0%B8%B5%E0%B9%88%E0%B8%A2%E0%B8%A1_%282026%29_-_img_03.jpg/1920px-Luang_Pho_Sila_%28Wat_Thung_Saliam%29_%E0%B8%AB%E0%B8%A5%E0%B8%A7%E0%B8%87%E0%B8%9E%E0%B9%88%E0%B8%AD%E0%B8%A8%E0%B8%B4%E0%B8%A5%E0%B8%B2_%E0%B8%A7%E0%B8%B1%E0%B8%94%E0%B8%97%E0%B8%B8%E0%B9%88%E0%B8%87%E0%B9%80%E0%B8%AA%E0%B8%A5%E0%B8%B5%E0%B9%88%E0%B8%A2%E0%B8%A1_%282026%29_-_img_03.jpg","images/nakprok/190412419_Luang_Pho_Sila_(Wat_Thung_Saliam)_หลวงพ่อศิลา_วัดทุ่งเสลี่ยม_(2026)_-_img_03.jpg","4391d8f562f9c8bc357b8b6ef52bb35ff76ec7a8","3024","4032","CC BY 4.0","Chainwit.","batch23/nakprok/190412419_Luang_Pho_Sila_(Wat_Thung_Saliam)_หลวงพ่อศิลา_วัดทุ่งเสลี่ยม_(2026)_-_img_03.jpg"
"190412420","nakprok","Luang Pho Sila (Wat Thung Saliam)","category","Category:Luang Pho Sila (Wat Thung Saliam)","File:Luang Pho Sila (Wat Thung Saliam) หลวงพ่อศิลา วัดทุ่งเสลี่ยม (2026) - img 01.jpg","https://commons.wikimedia.org/wiki/File:Luang_Pho_Sila_(Wat_Thung_Saliam)_%E0%B8%AB%E0%B8%A5%E0%B8%A7%E0%B8%87%E0%B8%9E%E0%B9%88%E0%B8%AD%E0%B8%A8%E0%B8%B4%E0%B8%A5%E0%B8%B2_%E0%B8%A7%E0%B8%B1%E0%B8%94%E0%B8%97%E0%B8%B8%E0%B9%88%E0%B8%87%E0%B9%80%E0%B8%AA%E0%B8%A5%E0%B8%B5%E0%B9%88%E0%B8%A2%E0%B8%A1_(2026)_-_img_01.jpg","https://upload.wikimedia.org/wikipedia/commons/thumb/7/79/Luang_Pho_Sila_%28Wat_Thung_Saliam%29_%E0%B8%AB%E0%B8%A5%E0%B8%A7%E0%B8%87%E0%B8%9E%E0%B9%88%E0%B8%AD%E0%B8%A8%E0%B8%B4%E0%B8%A5%E0%B8%B2_%E0%B8%A7%E0%B8%B1%E0%B8%94%E0%B8%97%E0%B8%B8%E0%B9%88%E0%B8%87%E0%B9%80%E0%B8%AA%E0%B8%A5%E0%B8%B5%E0%B9%88%E0%B8%A2%E0%B8%A1_%282026%29_-_img_01.jpg/1920px-Luang_Pho_Sila_%28Wat_Thung_Saliam%29_%E0%B8%AB%E0%B8%A5%E0%B8%A7%E0%B8%87%E0%B8%9E%E0%B9%88%E0%B8%AD%E0%B8%A8%E0%B8%B4%E0%B8%A5%E0%B8%B2_%E0%B8%A7%E0%B8%B1%E0%B8%94%E0%B8%97%E0%B8%B8%E0%B9%88%E0%B8%87%E0%B9%80%E0%B8%AA%E0%B8%A5%E0%B8%B5%E0%B9%88%E0%B8%A2%E0%B8%A1_%282026%29_-_img_01.jpg","images/nakprok/190412420_Luang_Pho_Sila_(Wat_Thung_Saliam)_หลวงพ่อศิลา_วัดทุ่งเสลี่ยม_(2026)_-_img_01.jpg","2e80acd74592e3e9cbad203aef2c005e571c82fe","5712","4284","CC BY 4.0","Chainwit.","batch23/nakprok/190412420_Luang_Pho_Sila_(Wat_Thung_Saliam)_หลวงพ่อศิลา_วัดทุ่งเสลี่ยม_(2026)_-_img_01.jpg"
"190412425","nakprok","Luang Pho Sila (Wat Thung Saliam)","category","Category:Luang Pho Sila (Wat Thung Saliam)","File:Luang Pho Sila (Wat Thung Saliam) หลวงพ่อศิลา วัดทุ่งเสลี่ยม (2026) - img 06.jpg","https://commons.wikimedia.org/wiki/File:Luang_Pho_Sila_(Wat_Thung_Saliam)_%E0%B8%AB%E0%B8%A5%E0%B8%A7%E0%B8%87%E0%B8%9E%E0%B9%88%E0%B8%AD%E0%B8%A8%E0%B8%B4%E0%B8%A5%E0%B8%B2_%E0%B8%A7%E0%B8%B1%E0%B8%94%E0%B8%97%E0%B8%B8%E0%B9%88%E0%B8%87%E0%B9%80%E0%B8%AA%E0%B8%A5%E0%B8%B5%E0%B9%88%E0%B8%A2%E0%B8%A1_(2026)_-_img_06.jpg","https://upload.wikimedia.org/wikipedia/commons/thumb/0/09/Luang_Pho_Sila_%28Wat_Thung_Saliam%29_%E0%B8%AB%E0%B8%A5%E0%B8%A7%E0%B8%87%E0%B8%9E%E0%B9%88%E0%B8%AD%E0%B8%A8%E0%B8%B4%E0%B8%A5%E0%B8%B2_%E0%B8%A7%E0%B8%B1%E0%B8%94%E0%B8%97%E0%B8%B8%E0%B9%88%E0%B8%87%E0%B9%80%E0%B8%AA%E0%B8%A5%E0%B8%B5%E0%B9%88%E0%B8%A2%E0%B8%A1_%282026%29_-_img_06.jpg/1920px-Luang_Pho_Sila_%28Wat_Thung_Saliam%29_%E0%B8%AB%E0%B8%A5%E0%B8%A7%E0%B8%87%E0%B8%9E%E0%B9%88%E0%B8%AD%E0%B8%A8%E0%B8%B4%E0%B8%A5%E0%B8%B2_%E0%B8%A7%E0%B8%B1%E0%B8%94%E0%B8%97%E0%B8%B8%E0%B9%88%E0%B8%87%E0%B9%80%E0%B8%AA%E0%B8%A5%E0%B8%B5%E0%B9%88%E0%B8%A2%E0%B8%A1_%282026%29_-_img_06.jpg","images/nakprok/190412425_Luang_Pho_Sila_(Wat_Thung_Saliam)_หลวงพ่อศิลา_วัดทุ่งเสลี่ยม_(2026)_-_img_06.jpg","318a51d41af797214c069644f547ac19098153db","3024","4032","CC BY 4.0","Chainwit.","batch23/nakprok/190412425_Luang_Pho_Sila_(Wat_Thung_Saliam)_หลวงพ่อศิลา_วัดทุ่งเสลี่ยม_(2026)_-_img_06.jpg"
"190412426","nakprok","Luang Pho Sila (Wat Thung Saliam)","category","Category:Luang Pho Sila (Wat Thung Saliam)","File:Luang Pho Sila (Wat Thung Saliam) หลวงพ่อศิลา วัดทุ่งเสลี่ยม (2026) - img 04.jpg","https://commons.wikimedia.org/wiki/File:Luang_Pho_Sila_(Wat_Thung_Saliam)_%E0%B8%AB%E0%B8%A5%E0%B8%A7%E0%B8%87%E0%B8%9E%E0%B9%88%E0%B8%AD%E0%B8%A8%E0%B8%B4%E0%B8%A5%E0%B8%B2_%E0%B8%A7%E0%B8%B1%E0%B8%94%E0%B8%97%E0%B8%B8%E0%B9%88%E0%B8%87%E0%B9%80%E0%B8%AA%E0%B8%A5%E0%B8%B5%E0%B9%88%E0%B8%A2%E0%B8%A1_(2026)_-_img_04.jpg","https://upload.wikimedia.org/wikipedia/commons/thumb/5/55/Luang_Pho_Sila_%28Wat_Thung_Saliam%29_%E0%B8%AB%E0%B8%A5%E0%B8%A7%E0%B8%87%E0%B8%9E%E0%B9%88%E0%B8%AD%E0%B8%A8%E0%B8%B4%E0%B8%A5%E0%B8%B2_%E0%B8%A7%E0%B8%B1%E0%B8%94%E0%B8%97%E0%B8%B8%E0%B9%88%E0%B8%87%E0%B9%80%E0%B8%AA%E0%B8%A5%E0%B8%B5%E0%B9%88%E0%B8%A2%E0%B8%A1_%282026%29_-_img_04.jpg/1920px-Luang_Pho_Sila_%28Wat_Thung_Saliam%29_%E0%B8%AB%E0%B8%A5%E0%B8%A7%E0%B8%87%E0%B8%9E%E0%B9%88%E0%B8%AD%E0%B8%A8%E0%B8%B4%E0%B8%A5%E0%B8%B2_%E0%B8%A7%E0%B8%B1%E0%B8%94%E0%B8%97%E0%B8%B8%E0%B9%88%E0%B8%87%E0%B9%80%E0%B8%AA%E0%B8%A5%E0%B8%B5%E0%B9%88%E0%B8%A2%E0%B8%A1_%282026%29_-_img_04.jpg","images/nakprok/190412426_Luang_Pho_Sila_(Wat_Thung_Saliam)_หลวงพ่อศิลา_วัดทุ่งเสลี่ยม_(2026)_-_img_04.jpg","a0ad8b68e366a27e5b1e319631ba7a4a32153d87","3024","4032","CC BY 4.0","Chainwit.","batch23/nakprok/190412426_Luang_Pho_Sila_(Wat_Thung_Saliam)_หลวงพ่อศิลา_วัดทุ่งเสลี่ยม_(2026)_-_img_04.jpg"
"190412427","nakprok","Luang Pho Sila (Wat Thung Saliam)","category","Category:Luang Pho Sila (Wat Thung Saliam)","File:Luang Pho Sila (Wat Thung Saliam) หลวงพ่อศิลา วัดทุ่งเสลี่ยม (2026) - img 05.jpg","https://commons.wikimedia.org/wiki/File:Luang_Pho_Sila_(Wat_Thung_Saliam)_%E0%B8%AB%E0%B8%A5%E0%B8%A7%E0%B8%87%E0%B8%9E%E0%B9%88%E0%B8%AD%E0%B8%A8%E0%B8%B4%E0%B8%A5%E0%B8%B2_%E0%B8%A7%E0%B8%B1%E0%B8%94%E0%B8%97%E0%B8%B8%E0%B9%88%E0%B8%87%E0%B9%80%E0%B8%AA%E0%B8%A5%E0%B8%B5%E0%B9%88%E0%B8%A2%E0%B8%A1_(2026)_-_img_05.jpg","https://upload.wikimedia.org/wikipedia/commons/thumb/8/8a/Luang_Pho_Sila_%28Wat_Thung_Saliam%29_%E0%B8%AB%E0%B8%A5%E0%B8%A7%E0%B8%87%E0%B8%9E%E0%B9%88%E0%B8%AD%E0%B8%A8%E0%B8%B4%E0%B8%A5%E0%B8%B2_%E0%B8%A7%E0%B8%B1%E0%B8%94%E0%B8%97%E0%B8%B8%E0%B9%88%E0%B8%87%E0%B9%80%E0%B8%AA%E0%B8%A5%E0%B8%B5%E0%B9%88%E0%B8%A2%E0%B8%A1_%282026%29_-_img_05.jpg/1920px-Luang_Pho_Sila_%28Wat_Thung_Saliam%29_%E0%B8%AB%E0%B8%A5%E0%B8%A7%E0%B8%87%E0%B8%9E%E0%B9%88%E0%B8%AD%E0%B8%A8%E0%B8%B4%E0%B8%A5%E0%B8%B2_%E0%B8%A7%E0%B8%B1%E0%B8%94%E0%B8%97%E0%B8%B8%E0%B9%88%E0%B8%87%E0%B9%80%E0%B8%AA%E0%B8%A5%E0%B8%B5%E0%B9%88%E0%B8%A2%E0%B8%A1_%282026%29_-_img_05.jpg","images/nakprok/190412427_Luang_Pho_Sila_(Wat_Thung_Saliam)_หลวงพ่อศิลา_วัดทุ่งเสลี่ยม_(2026)_-_img_05.jpg","9aa3daf450bf3098ea6598381bdc90c57f5d0365","3024","4032","CC BY 4.0","Chainwit.","batch23/nakprok/190412427_Luang_Pho_Sila_(Wat_Thung_Saliam)_หลวงพ่อศิลา_วัดทุ่งเสลี่ยม_(2026)_-_img_05.jpg"
"59879662","nakprok","Mucalinda of Wat Hua Wiang","category","Category:Mucalinda of Wat Hua Wiang","File:022 Mucilinda, 12c, Srivijaya (35212723336).jpg","https://commons.wikimedia.org/wiki/File:022_Mucilinda,_12c,_Srivijaya_(35212723336).jpg","https://upload.wikimedia.org/wikipedia/commons/thumb/b/b0/022_Mucilinda%2C_12c%2C_Srivijaya_%2835212723336%29.jpg/1920px-022_Mucilinda%2C_12c%2C_Srivijaya_%2835212723336%29.jpg","images/nakprok/59879662_022_Mucilinda,_12c,_Srivijaya_(35212723336).jpg","d76da42fe16c8af9d72de9fc61af85ce9719a6cb","2641","5282","CC BY 2.0","Photo Dharma from Sadao, Thailand","batch23/nakprok/59879662_022_Mucilinda,_12c,_Srivijaya_(35212723336).jpg"
"171011077","nakprok","Mucalinda of Wat Hua Wiang","category","Category:Mucalinda of Wat Hua Wiang","File:พระพุทธรูปนาคปรกสำริด จัดแสดงในพิพิธภัณฑสถานแห่งชาติ พระนคร.jpg","https://commons.wikimedia.org/wiki/File:%E0%B8%9E%E0%B8%A3%E0%B8%B0%E0%B8%9E%E0%B8%B8%E0%B8%97%E0%B8%98%E0%B8%A3%E0%B8%B9%E0%B8%9B%E0%B8%99%E0%B8%B2%E0%B8%84%E0%B8%9B%E0%B8%A3%E0%B8%81%E0%B8%AA%E0%B8%B3%E0%B8%A3%E0%B8%B4%E0%B8%94_%E0%B8%88%E0%B8%B1%E0%B8%94%E0%B9%81%E0%B8%AA%E0%B8%94%E0%B8%87%E0%B9%83%E0%B8%99%E0%B8%9E%E0%B8%B4%E0%B8%9E%E0%B8%B4%E0%B8%98%E0%B8%A0%E0%B8%B1%E0%B8%93%E0%B8%91%E0%B8%AA%E0%B8%96%E0%B8%B2%E0%B8%99%E0%B9%81%E0%B8%AB%E0%B9%88%E0%B8%87%E0%B8%8A%E0%B8%B2%E0%B8%95%E0%B8%B4_%E0%B8%9E%E0%B8%A3%E0%B8%B0%E0%B8%99%E0%B8%84%E0%B8%A3.jpg","https://upload.wikimedia.org/wikipedia/commons/thumb/6/62/%E0%B8%9E%E0%B8%A3%E0%B8%B0%E0%B8%9E%E0%B8%B8%E0%B8%97%E0%B8%98%E0%B8%A3%E0%B8%B9%E0%B8%9B%E0%B8%99%E0%B8%B2%E0%B8%84%E0%B8%9B%E0%B8%A3%E0%B8%81%E0%B8%AA%E0%B8%B3%E0%B8%A3%E0%B8%B4%E0%B8%94_%E0%B8%88%E0%B8%B1%E0%B8%94%E0%B9%81%E0%B8%AA%E0%B8%94%E0%B8%87%E0%B9%83%E0%B8%99%E0%B8%9E%E0%B8%B4%E0%B8%9E%E0%B8%B4%E0%B8%98%E0%B8%A0%E0%B8%B1%E0%B8%93%E0%B8%91%E0%B8%AA%E0%B8%96%E0%B8%B2%E0%B8%99%E0%B9%81%E0%B8%AB%E0%B9%88%E0%B8%87%E0%B8%8A%E0%B8%B2%E0%B8%95%E0%B8%B4_%E0%B8%9E%E0%B8%A3%E0%B8%B0%E0%B8%99%E0%B8%84%E0%B8%A3.jpg/1920px-thumbnail.jpg","images/nakprok/171011077_พระพุทธรูปนาคปรกสำริด_จัดแสดงในพิพิธภัณฑสถานแห่งชาติ_พระนคร.jpg","cbe9351d1bf283785bee656a3be2bf06fa957b3b","2537","5095","CC BY-SA 4.0","Mastertongapollo","batch23/nakprok/171011077_พระพุทธรูปนาคปรกสำริด_จัดแสดงในพิพิธภัณฑสถานแห่งชาติ_พระนคร.jpg"
"59879659","nakprok","Mucalinda of Wat Na Phra Men","category","Category:Mucalinda of Wat Na Phra Men","File:034 Mucilinda, 12c, Lopburi (34865461140).jpg","https://commons.wikimedia.org/wiki/File:034_Mucilinda,_12c,_Lopburi_(34865461140).jpg","https://upload.wikimedia.org/wikipedia/commons/thumb/a/a6/034_Mucilinda%2C_12c%2C_Lopburi_%2834865461140%29.jpg/1920px-034_Mucilinda%2C_12c%2C_Lopburi_%2834865461140%29.jpg","images/nakprok/59879659_034_Mucilinda,_12c,_Lopburi_(34865461140).jpg","56388b42069a6ab7860443a5a9fcf236a5eab5e8","2817","5872","CC BY 2.0","Photo Dharma from Sadao, Thailand","batch23/nakprok/59879659_034_Mucilinda,_12c,_Lopburi_(34865461140).jpg"
"35437885","samathi","unresolved:samathi:3e7345bcbebb","text_search","ปางสมาธิ พระพุทธรูป","File:วัดพระแก้ว จังหวัดเชียงราย 1.JPG","https://commons.wikimedia.org/wiki/File:%E0%B8%A7%E0%B8%B1%E0%B8%94%E0%B8%9E%E0%B8%A3%E0%B8%B0%E0%B9%81%E0%B8%81%E0%B9%89%E0%B8%A7_%E0%B8%88%E0%B8%B1%E0%B8%87%E0%B8%AB%E0%B8%A7%E0%B8%B1%E0%B8%94%E0%B9%80%E0%B8%8A%E0%B8%B5%E0%B8%A2%E0%B8%87%E0%B8%A3%E0%B8%B2%E0%B8%A2_1.JPG","https://upload.wikimedia.org/wikipedia/commons/thumb/f/f7/%E0%B8%A7%E0%B8%B1%E0%B8%94%E0%B8%9E%E0%B8%A3%E0%B8%B0%E0%B9%81%E0%B8%81%E0%B9%89%E0%B8%A7_%E0%B8%88%E0%B8%B1%E0%B8%87%E0%B8%AB%E0%B8%A7%E0%B8%B1%E0%B8%94%E0%B9%80%E0%B8%8A%E0%B8%B5%E0%B8%A2%E0%B8%87%E0%B8%A3%E0%B8%B2%E0%B8%A2_1.JPG/1920px-%E0%B8%A7%E0%B8%B1%E0%B8%94%E0%B8%9E%E0%B8%A3%E0%B8%B0%E0%B9%81%E0%B8%81%E0%B9%89%E0%B8%A7_%E0%B8%88%E0%B8%B1%E0%B8%87%E0%B8%AB%E0%B8%A7%E0%B8%B1%E0%B8%94%E0%B9%80%E0%B8%8A%E0%B8%B5%E0%B8%A2%E0%B8%87%E0%B8%A3%E0%B8%B2%E0%B8%A2_1.JPG","images/samathi/35437885_วัดพระแก้ว_จังหวัดเชียงราย_1.jpg","4ee7439ac578157244b1aa6901206b9a8d04ac69","3648","5472","CC BY-SA 3.0","Yakuzakorat","batch23/samathi/35437885_วัดพระแก้ว_จังหวัดเชียงราย_1.jpg"
"35437886","samathi","unresolved:samathi:520d82909de1","text_search","ปางสมาธิ พระพุทธรูป","File:วัดพระแก้ว จังหวัดเชียงราย 3.JPG","https://commons.wikimedia.org/wiki/File:%E0%B8%A7%E0%B8%B1%E0%B8%94%E0%B8%9E%E0%B8%A3%E0%B8%B0%E0%B9%81%E0%B8%81%E0%B9%89%E0%B8%A7_%E0%B8%88%E0%B8%B1%E0%B8%87%E0%B8%AB%E0%B8%A7%E0%B8%B1%E0%B8%94%E0%B9%80%E0%B8%8A%E0%B8%B5%E0%B8%A2%E0%B8%87%E0%B8%A3%E0%B8%B2%E0%B8%A2_3.JPG","https://upload.wikimedia.org/wikipedia/commons/thumb/8/8d/%E0%B8%A7%E0%B8%B1%E0%B8%94%E0%B8%9E%E0%B8%A3%E0%B8%B0%E0%B9%81%E0%B8%81%E0%B9%89%E0%B8%A7_%E0%B8%88%E0%B8%B1%E0%B8%87%E0%B8%AB%E0%B8%A7%E0%B8%B1%E0%B8%94%E0%B9%80%E0%B8%8A%E0%B8%B5%E0%B8%A2%E0%B8%87%E0%B8%A3%E0%B8%B2%E0%B8%A2_3.JPG/1920px-%E0%B8%A7%E0%B8%B1%E0%B8%94%E0%B8%9E%E0%B8%A3%E0%B8%B0%E0%B9%81%E0%B8%81%E0%B9%89%E0%B8%A7_%E0%B8%88%E0%B8%B1%E0%B8%87%E0%B8%AB%E0%B8%A7%E0%B8%B1%E0%B8%94%E0%B9%80%E0%B8%8A%E0%B8%B5%E0%B8%A2%E0%B8%87%E0%B8%A3%E0%B8%B2%E0%B8%A2_3.JPG","images/samathi/35437886_วัดพระแก้ว_จังหวัดเชียงราย_3.jpg","98b951cf7b8f98b39ca53fc4c1331b50f3dd8906","5472","3648","CC BY-SA 3.0","Yakuzakorat","batch23/samathi/35437886_วัดพระแก้ว_จังหวัดเชียงราย_3.jpg"
"35437887","samathi","unresolved:samathi:7a14206e960a","text_search","ปางสมาธิ พระพุทธรูป","File:วัดพระแก้ว จังหวัดเชียงราย 2.JPG","https://commons.wikimedia.org/wiki/File:%E0%B8%A7%E0%B8%B1%E0%B8%94%E0%B8%9E%E0%B8%A3%E0%B8%B0%E0%B9%81%E0%B8%81%E0%B9%89%E0%B8%A7_%E0%B8%88%E0%B8%B1%E0%B8%87%E0%B8%AB%E0%B8%A7%E0%B8%B1%E0%B8%94%E0%B9%80%E0%B8%8A%E0%B8%B5%E0%B8%A2%E0%B8%87%E0%B8%A3%E0%B8%B2%E0%B8%A2_2.JPG","https://upload.wikimedia.org/wikipedia/commons/thumb/d/de/%E0%B8%A7%E0%B8%B1%E0%B8%94%E0%B8%9E%E0%B8%A3%E0%B8%B0%E0%B9%81%E0%B8%81%E0%B9%89%E0%B8%A7_%E0%B8%88%E0%B8%B1%E0%B8%87%E0%B8%AB%E0%B8%A7%E0%B8%B1%E0%B8%94%E0%B9%80%E0%B8%8A%E0%B8%B5%E0%B8%A2%E0%B8%87%E0%B8%A3%E0%B8%B2%E0%B8%A2_2.JPG/1920px-%E0%B8%A7%E0%B8%B1%E0%B8%94%E0%B8%9E%E0%B8%A3%E0%B8%B0%E0%B9%81%E0%B8%81%E0%B9%89%E0%B8%A7_%E0%B8%88%E0%B8%B1%E0%B8%87%E0%B8%AB%E0%B8%A7%E0%B8%B1%E0%B8%94%E0%B9%80%E0%B8%8A%E0%B8%B5%E0%B8%A2%E0%B8%87%E0%B8%A3%E0%B8%B2%E0%B8%A2_2.JPG","images/samathi/35437887_วัดพระแก้ว_จังหวัดเชียงราย_2.jpg","74439f699989e4f8d964a0ad3730abaf4575259a","3648","5472","CC BY-SA 3.0","Yakuzakorat","batch23/samathi/35437887_วัดพระแก้ว_จังหวัดเชียงราย_2.jpg"
"35437889","samathi","unresolved:samathi:1737fec8b4ab","text_search","ปางสมาธิ พระพุทธรูป","File:วัดพระแก้ว จังหวัดเชียงราย 4.JPG","https://commons.wikimedia.org/wiki/File:%E0%B8%A7%E0%B8%B1%E0%B8%94%E0%B8%9E%E0%B8%A3%E0%B8%B0%E0%B9%81%E0%B8%81%E0%B9%89%E0%B8%A7_%E0%B8%88%E0%B8%B1%E0%B8%87%E0%B8%AB%E0%B8%A7%E0%B8%B1%E0%B8%94%E0%B9%80%E0%B8%8A%E0%B8%B5%E0%B8%A2%E0%B8%87%E0%B8%A3%E0%B8%B2%E0%B8%A2_4.JPG","https://upload.wikimedia.org/wikipedia/commons/thumb/1/1d/%E0%B8%A7%E0%B8%B1%E0%B8%94%E0%B8%9E%E0%B8%A3%E0%B8%B0%E0%B9%81%E0%B8%81%E0%B9%89%E0%B8%A7_%E0%B8%88%E0%B8%B1%E0%B8%87%E0%B8%AB%E0%B8%A7%E0%B8%B1%E0%B8%94%E0%B9%80%E0%B8%8A%E0%B8%B5%E0%B8%A2%E0%B8%87%E0%B8%A3%E0%B8%B2%E0%B8%A2_4.JPG/1920px-%E0%B8%A7%E0%B8%B1%E0%B8%94%E0%B8%9E%E0%B8%A3%E0%B8%B0%E0%B9%81%E0%B8%81%E0%B9%89%E0%B8%A7_%E0%B8%88%E0%B8%B1%E0%B8%87%E0%B8%AB%E0%B8%A7%E0%B8%B1%E0%B8%94%E0%B9%80%E0%B8%8A%E0%B8%B5%E0%B8%A2%E0%B8%87%E0%B8%A3%E0%B8%B2%E0%B8%A2_4.JPG","images/samathi/35437889_วัดพระแก้ว_จังหวัดเชียงราย_4.jpg","14730f9683d8fbc40a8cb8ae5cf32d72cf415271","5472","3648","CC BY-SA 3.0","Yakuzakorat","batch23/samathi/35437889_วัดพระแก้ว_จังหวัดเชียงราย_4.jpg"
"35437890","samathi","unresolved:samathi:df30ecd20616","text_search","ปางสมาธิ พระพุทธรูป","File:วัดพระแก้ว จังหวัดเชียงราย 5.JPG","https://commons.wikimedia.org/wiki/File:%E0%B8%A7%E0%B8%B1%E0%B8%94%E0%B8%9E%E0%B8%A3%E0%B8%B0%E0%B9%81%E0%B8%81%E0%B9%89%E0%B8%A7_%E0%B8%88%E0%B8%B1%E0%B8%87%E0%B8%AB%E0%B8%A7%E0%B8%B1%E0%B8%94%E0%B9%80%E0%B8%8A%E0%B8%B5%E0%B8%A2%E0%B8%87%E0%B8%A3%E0%B8%B2%E0%B8%A2_5.JPG","https://upload.wikimedia.org/wikipedia/commons/thumb/c/c9/%E0%B8%A7%E0%B8%B1%E0%B8%94%E0%B8%9E%E0%B8%A3%E0%B8%B0%E0%B9%81%E0%B8%81%E0%B9%89%E0%B8%A7_%E0%B8%88%E0%B8%B1%E0%B8%87%E0%B8%AB%E0%B8%A7%E0%B8%B1%E0%B8%94%E0%B9%80%E0%B8%8A%E0%B8%B5%E0%B8%A2%E0%B8%87%E0%B8%A3%E0%B8%B2%E0%B8%A2_5.JPG/1920px-%E0%B8%A7%E0%B8%B1%E0%B8%94%E0%B8%9E%E0%B8%A3%E0%B8%B0%E0%B9%81%E0%B8%81%E0%B9%89%E0%B8%A7_%E0%B8%88%E0%B8%B1%E0%B8%87%E0%B8%AB%E0%B8%A7%E0%B8%B1%E0%B8%94%E0%B9%80%E0%B8%8A%E0%B8%B5%E0%B8%A2%E0%B8%87%E0%B8%A3%E0%B8%B2%E0%B8%A2_5.JPG","images/samathi/35437890_วัดพระแก้ว_จังหวัดเชียงราย_5.jpg","092d4a735a5ed37edcbc951bf5a67b4577c6c163","5224","3520","CC BY-SA 3.0","Yakuzakorat","batch23/samathi/35437890_วัดพระแก้ว_จังหวัดเชียงราย_5.jpg"
"74672316","samathi","unresolved:samathi:e2c8fcc64b2e","text_search","ปางสมาธิ พระพุทธรูป","File:8166490 HmTNjCJVVqO fBSY6rTxOPhzCFKoTx0uIZ1IQLrFoCs.jpg","https://commons.wikimedia.org/wiki/File:8166490_HmTNjCJVVqO_fBSY6rTxOPhzCFKoTx0uIZ1IQLrFoCs.jpg","https://upload.wikimedia.org/wikipedia/commons/a/a2/8166490_HmTNjCJVVqO_fBSY6rTxOPhzCFKoTx0uIZ1IQLrFoCs.jpg","images/samathi/74672316_8166490_HmTNjCJVVqO_fBSY6rTxOPhzCFKoTx0uIZ1IQLrFoCs.jpg","8cf7c849b8c8c6ca346d7a5a504a159c0121c774","200","200","CC BY-SA 4.0","Wiwat97","batch23/samathi/74672316_8166490_HmTNjCJVVqO_fBSY6rTxOPhzCFKoTx0uIZ1IQLrFoCs.jpg"
"133418056","samathi","unresolved:samathi:08bad4bd89ea","text_search","ปางสมาธิ พระพุทธรูป","File:พระ25ศตวรรษ-เนื้อดิน.jpg","https://commons.wikimedia.org/wiki/File:%E0%B8%9E%E0%B8%A3%E0%B8%B025%E0%B8%A8%E0%B8%95%E0%B8%A7%E0%B8%A3%E0%B8%A3%E0%B8%A9-%E0%B9%80%E0%B8%99%E0%B8%B7%E0%B9%89%E0%B8%AD%E0%B8%94%E0%B8%B4%E0%B8%99.jpg","https://upload.wikimedia.org/wikipedia/commons/c/c1/%E0%B8%9E%E0%B8%A3%E0%B8%B025%E0%B8%A8%E0%B8%95%E0%B8%A7%E0%B8%A3%E0%B8%A3%E0%B8%A9-%E0%B9%80%E0%B8%99%E0%B8%B7%E0%B9%89%E0%B8%AD%E0%B8%94%E0%B8%B4%E0%B8%99.jpg","images/samathi/133418056_พระ25ศตวรรษ-เนื้อดิน.jpg","726cc332b0566880c0e358f9b23ff6d3899009f2","788","1400","CC BY-SA 4.0","Pra25satawat","batch23/samathi/133418056_พระ25ศตวรรษ-เนื้อดิน.jpg"
"41895781","samathi","unresolved:samathi:a0b178efd848","text_search","""สมาธิราบ"" พระพุทธรูป","File:พระปฏิมากรอู่ทอง.JPG","https://commons.wikimedia.org/wiki/File:%E0%B8%9E%E0%B8%A3%E0%B8%B0%E0%B8%9B%E0%B8%8F%E0%B8%B4%E0%B8%A1%E0%B8%B2%E0%B8%81%E0%B8%A3%E0%B8%AD%E0%B8%B9%E0%B9%88%E0%B8%97%E0%B8%AD%E0%B8%87.JPG","https://upload.wikimedia.org/wikipedia/commons/thumb/5/5c/%E0%B8%9E%E0%B8%A3%E0%B8%B0%E0%B8%9B%E0%B8%8F%E0%B8%B4%E0%B8%A1%E0%B8%B2%E0%B8%81%E0%B8%A3%E0%B8%AD%E0%B8%B9%E0%B9%88%E0%B8%97%E0%B8%AD%E0%B8%87.JPG/1920px-%E0%B8%9E%E0%B8%A3%E0%B8%B0%E0%B8%9B%E0%B8%8F%E0%B8%B4%E0%B8%A1%E0%B8%B2%E0%B8%81%E0%B8%A3%E0%B8%AD%E0%B8%B9%E0%B9%88%E0%B8%97%E0%B8%AD%E0%B8%87.JPG","images/samathi/41895781_พระปฏิมากรอู่ทอง.jpg","4346611377ff58962fd6647b1a5fc5025f956314","2304","1536","CC BY-SA 4.0","Piwan warawanno","batch23/samathi/41895781_พระปฏิมากรอู่ทอง.jpg"
"1666919","samathi","unresolved:samathi:5bb5b1ed9c3b","text_search","""Dhyana mudra"" Thailand Buddha","File:Seated Buddha Amitabha statue.jpg","https://commons.wikimedia.org/wiki/File:Seated_Buddha_Amitabha_statue.jpg","https://upload.wikimedia.org/wikipedia/commons/6/62/Seated_Buddha_Amitabha_statue.jpg","images/samathi/1666919_Seated_Buddha_Amitabha_statue.jpg","a48aed386c8207587b0aa88d7c44855f19cf83d4","893","1000","Public domain","en:Isidore van Kinsbergen","batch23/samathi/1666919_Seated_Buddha_Amitabha_statue.jpg"
"3598650","samathi","unresolved:samathi:1c087cf950b1","text_search","""Dhyana mudra"" Thailand Buddha","File:Buddha 1251876.jpg","https://commons.wikimedia.org/wiki/File:Buddha_1251876.jpg","https://upload.wikimedia.org/wikipedia/commons/6/6a/Buddha_1251876.jpg","images/samathi/3598650_Buddha_1251876.jpg","793696fb3988ee7d590f7a2e0e853170798cdc53","525","700","CC BY 3.0","nomo/michael hoefner, http://www.zwo5.de","batch23/samathi/3598650_Buddha_1251876.jpg"
"4897999","samathi","unresolved:samathi:dfe6721990ea","text_search","""Dhyana mudra"" Thailand Buddha","File:Buddha naga 01.JPG","https://commons.wikimedia.org/wiki/File:Buddha_naga_01.JPG","https://upload.wikimedia.org/wikipedia/commons/thumb/7/7e/Buddha_naga_01.JPG/1920px-Buddha_naga_01.JPG","images/samathi/4897999_Buddha_naga_01.jpg","3715f09f5810bd4fd12e02b35d4a7551350bab91","1944","2592","CC BY-SA 3.0","Traumrune","batch23/samathi/4897999_Buddha_naga_01.jpg"
"8296931","samathi","unresolved:samathi:b832136bd0b8","text_search","""Dhyana mudra"" Thailand Buddha","File:WLANL - Urville Djasim - Boeddhabeeld - Buddha statue (4).jpg","https://commons.wikimedia.org/wiki/File:WLANL_-_Urville_Djasim_-_Boeddhabeeld_-_Buddha_statue_(4).jpg","https://upload.wikimedia.org/wikipedia/commons/f/f5/WLANL_-_Urville_Djasim_-_Boeddhabeeld_-_Buddha_statue_%284%29.jpg","images/samathi/8296931_WLANL_-_Urville_Djasim_-_Boeddhabeeld_-_Buddha_statue_(4).jpg","e7a92838adc4e81ef4273cc31427f2fe39718e51","853","1280","CC BY-SA 2.0","Urville Djasim from The Netherlands","batch23/samathi/8296931_WLANL_-_Urville_Djasim_-_Boeddhabeeld_-_Buddha_statue_(4).jpg"
"9249054","samathi","unresolved:samathi:1cb021705575","text_search","""Dhyana mudra"" Thailand Buddha","File:Buddha in Lotus Leaf 2.jpg","https://commons.wikimedia.org/wiki/File:Buddha_in_Lotus_Leaf_2.jpg","https://upload.wikimedia.org/wikipedia/commons/3/32/Buddha_in_Lotus_Leaf_2.jpg","images/samathi/9249054_Buddha_in_Lotus_Leaf_2.jpg","4da44581dbc6c7a504b46996c64543154e3f82af","1728","2304","CC BY 2.0","The original uploader was Ancheta Wis at English Wikipedia.","batch23/samathi/9249054_Buddha_in_Lotus_Leaf_2.jpg"
"28638212","samathi","unresolved:samathi:7abbb2fb2b32","text_search","""Dhyana mudra"" Thailand Buddha","File:ChinessTemple2-9.761527,100.007254 (23).JPG","https://commons.wikimedia.org/wiki/File:ChinessTemple2-9.761527,100.007254_(23).JPG","https://upload.wikimedia.org/wikipedia/commons/thumb/4/4c/ChinessTemple2-9.761527%2C100.007254_%2823%29.JPG/1920px-ChinessTemple2-9.761527%2C100.007254_%2823%29.JPG","images/samathi/28638212_ChinessTemple2-9.761527,100.007254_(23).jpg","10a83befca5a3669f966ee15e5f9f5d9b6a4b58e","3240","4320","CC BY-SA 3.0","Леонид Каратасков","batch23/samathi/28638212_ChinessTemple2-9.761527,100.007254_(23).jpg"
"28638213","samathi","unresolved:samathi:df27d8ce4d37","text_search","""Dhyana mudra"" Thailand Buddha","File:ChinessTemple2-9.761527,100.007254 (24).JPG","https://commons.wikimedia.org/wiki/File:ChinessTemple2-9.761527,100.007254_(24).JPG","https://upload.wikimedia.org/wikipedia/commons/thumb/7/79/ChinessTemple2-9.761527%2C100.007254_%2824%29.JPG/1920px-ChinessTemple2-9.761527%2C100.007254_%2824%29.JPG","images/samathi/28638213_ChinessTemple2-9.761527,100.007254_(24).jpg","1c8835f1780843bb00d20cf41915b2d3db734018","3240","4320","CC BY-SA 3.0","Леонид Каратасков","batch23/samathi/28638213_ChinessTemple2-9.761527,100.007254_(24).jpg"
"28638215","samathi","unresolved:samathi:3b7ebba002c9","text_search","""Dhyana mudra"" Thailand Buddha","File:ChinessTemple2-9.761527,100.007254 (25).JPG","https://commons.wikimedia.org/wiki/File:ChinessTemple2-9.761527,100.007254_(25).JPG","https://upload.wikimedia.org/wikipedia/commons/thumb/9/93/ChinessTemple2-9.761527%2C100.007254_%2825%29.JPG/1920px-ChinessTemple2-9.761527%2C100.007254_%2825%29.JPG","images/samathi/28638215_ChinessTemple2-9.761527,100.007254_(25).jpg","ccae7f66cdb5775dd31a82e846a2be85a7970535","3240","4320","CC BY-SA 3.0","Леонид Каратасков","batch23/samathi/28638215_ChinessTemple2-9.761527,100.007254_(25).jpg"
"30576162","samathi","unresolved:samathi:0917d566c995","text_search","""Dhyana mudra"" Thailand Buddha","File:Buddha park at Swayambhu, Kathmandu, Nepal.jpg","https://commons.wikimedia.org/wiki/File:Buddha_park_at_Swayambhu,_Kathmandu,_Nepal.jpg","https://upload.wikimedia.org/wikipedia/commons/thumb/e/e6/Buddha_park_at_Swayambhu%2C_Kathmandu%2C_Nepal.jpg/1920px-Buddha_park_at_Swayambhu%2C_Kathmandu%2C_Nepal.jpg","images/samathi/30576162_Buddha_park_at_Swayambhu,_Kathmandu,_Nepal.jpg","3bc49d2afc2524990941aac0de040ab7cc93a3e4","4609","3140","CC BY-SA 3.0","Ashishlohorung","batch23/samathi/30576162_Buddha_park_at_Swayambhu,_Kathmandu,_Nepal.jpg"
"30601683","samathi","unresolved:samathi:9b7bc388b2c7","text_search","""Dhyana mudra"" Thailand Buddha","File:Buddha in meditation Roundel 25 buddha ivory tusk.jpg","https://commons.wikimedia.org/wiki/File:Buddha_in_meditation_Roundel_25_buddha_ivory_tusk.jpg","https://upload.wikimedia.org/wikipedia/commons/thumb/4/4f/Buddha_in_meditation_Roundel_25_buddha_ivory_tusk.jpg/1920px-Buddha_in_meditation_Roundel_25_buddha_ivory_tusk.jpg","images/samathi/30601683_Buddha_in_meditation_Roundel_25_buddha_ivory_tusk.jpg","2637c786ef4545db846d6182bb463ad9ef85eca4","2625","3388","CC BY-SA 3.0","Nomu420","batch23/samathi/30601683_Buddha_in_meditation_Roundel_25_buddha_ivory_tusk.jpg"
"33497052","samathi","unresolved:samathi:03890e866b26","text_search","""Dhyana mudra"" Thailand Buddha","File:Buddha Statue, Sanchi 03.jpg","https://commons.wikimedia.org/wiki/File:Buddha_Statue,_Sanchi_03.jpg","https://upload.wikimedia.org/wikipedia/commons/thumb/1/19/Buddha_Statue%2C_Sanchi_03.jpg/1920px-Buddha_Statue%2C_Sanchi_03.jpg","images/samathi/33497052_Buddha_Statue,_Sanchi_03.jpg","fb07280735783bff7b7d5acda23f5f99e1dd5223","3452","2930","CC BY-SA 3.0","Bernard Gagnon","batch23/samathi/33497052_Buddha_Statue,_Sanchi_03.jpg"
"34178924","samathi","unresolved:samathi:a6f4bb7b8985","text_search","""Dhyana mudra"" Thailand Buddha","File:Famille-rose porcelain Amitayus Buddha. Luoyang Museum.jpg","https://commons.wikimedia.org/wiki/File:Famille-rose_porcelain_Amitayus_Buddha._Luoyang_Museum.jpg","https://upload.wikimedia.org/wikipedia/commons/f/f9/Famille-rose_porcelain_Amitayus_Buddha._Luoyang_Museum.jpg","images/samathi/34178924_Famille-rose_porcelain_Amitayus_Buddha._Luoyang_Museum.jpg","faf2c7a8c8ba6a43c8e49b1039433373f7871e4a","763","1024","CC BY-SA 4.0","John Hill","batch23/samathi/34178924_Famille-rose_porcelain_Amitayus_Buddha._Luoyang_Museum.jpg"
"34243415","samathi","unresolved:samathi:6faf6bd8c477","text_search","""Dhyana mudra"" Thailand Buddha","File:Buddha Dihana Mudra.JPG","https://commons.wikimedia.org/wiki/File:Buddha_Dihana_Mudra.JPG","https://upload.wikimedia.org/wikipedia/commons/thumb/0/05/Buddha_Dihana_Mudra.JPG/1920px-Buddha_Dihana_Mudra.JPG","images/samathi/34243415_Buddha_Dihana_Mudra.jpg","9408963c83567265b1cff08eb89c0c8a1420a97a","2848","4272","CC BY-SA 4.0","Veit Zahlaus","batch23/samathi/34243415_Buddha_Dihana_Mudra.jpg"
"36817280","samathi","unresolved:samathi:8473f4b37b65","text_search","""Dhyana mudra"" Thailand Buddha","File:Golden Buddha Amitabha.jpg","https://commons.wikimedia.org/wiki/File:Golden_Buddha_Amitabha.jpg","https://upload.wikimedia.org/wikipedia/commons/e/e4/Golden_Buddha_Amitabha.jpg","images/samathi/36817280_Golden_Buddha_Amitabha.jpg","584b4c887dc0db3a0356ab581476be9e314da581","216","277","CC BY-SA 4.0","Nobody60","batch23/samathi/36817280_Golden_Buddha_Amitabha.jpg"
"37232211","samathi","unresolved:samathi:b2de77facb23","text_search","""Dhyana mudra"" Thailand Buddha","File:033 Buddha Meditating, Nalanda (9221408780).jpg","https://commons.wikimedia.org/wiki/File:033_Buddha_Meditating,_Nalanda_(9221408780).jpg","https://upload.wikimedia.org/wikipedia/commons/thumb/a/a8/033_Buddha_Meditating%2C_Nalanda_%289221408780%29.jpg/1920px-033_Buddha_Meditating%2C_Nalanda_%289221408780%29.jpg","images/samathi/37232211_033_Buddha_Meditating,_Nalanda_(9221408780).jpg","a03f70e3f1e2bbf876a318ff3d02b6751c5b4d6b","2388","3591","CC BY 2.0","Photo Dharma from Penang, Malaysia","batch23/samathi/37232211_033_Buddha_Meditating,_Nalanda_(9221408780).jpg"
"37690819","samathi","unresolved:samathi:f1dc6a12eb2f","text_search","""Dhyana mudra"" Thailand Buddha","File:Phra Buddha Mettaprachabapith Wat Khung Taphao in Uttaradit Thailand.jpg","https://commons.wikimedia.org/wiki/File:Phra_Buddha_Mettaprachabapith_Wat_Khung_Taphao_in_Uttaradit_Thailand.jpg","https://upload.wikimedia.org/wikipedia/commons/0/0e/Phra_Buddha_Mettaprachabapith_Wat_Khung_Taphao_in_Uttaradit_Thailand.jpg","images/samathi/37690819_Phra_Buddha_Mettaprachabapith_Wat_Khung_Taphao_in_Uttaradit_Thailand.jpg","143e184b5dfa2cadb8b1fd39cc25a849ce19db23","834","952","CC BY-SA 4.0","Tevaprapas","batch23/samathi/37690819_Phra_Buddha_Mettaprachabapith_Wat_Khung_Taphao_in_Uttaradit_Thailand.jpg"
"40750036","samathi","unresolved:samathi:17c08369639e","text_search","""Dhyana mudra"" Thailand Buddha","File:Borobudur - Buddha Statue - 028 Dhyana Mudra, Amitabha (11678925843).jpg","https://commons.wikimedia.org/wiki/File:Borobudur_-_Buddha_Statue_-_028_Dhyana_Mudra,_Amitabha_(11678925843).jpg","https://upload.wikimedia.org/wikipedia/commons/thumb/a/ab/Borobudur_-_Buddha_Statue_-_028_Dhyana_Mudra%2C_Amitabha_%2811678925843%29.jpg/1920px-Borobudur_-_Buddha_Statue_-_028_Dhyana_Mudra%2C_Amitabha_%2811678925843%29.jpg","images/samathi/40750036_Borobudur_-_Buddha_Statue_-_028_Dhyana_Mudra,_Amitabha_(11678925843).jpg","d0f93dc73852c90f6a79054135dbd93e93007337","4279","3185","CC BY 2.0","Photo Dharma from Penang, Malaysia","batch23/samathi/40750036_Borobudur_-_Buddha_Statue_-_028_Dhyana_Mudra,_Amitabha_(11678925843).jpg"
"40750042","samathi","unresolved:samathi:a488cb50f51c","text_search","""Dhyana mudra"" Thailand Buddha","File:Borobudur - Buddha Statue - 031 Dhyana Mudra, Amitabha (11678889813).jpg","https://commons.wikimedia.org/wiki/File:Borobudur_-_Buddha_Statue_-_031_Dhyana_Mudra,_Amitabha_(11678889813).jpg","https://upload.wikimedia.org/wikipedia/commons/thumb/1/19/Borobudur_-_Buddha_Statue_-_031_Dhyana_Mudra%2C_Amitabha_%2811678889813%29.jpg/1920px-Borobudur_-_Buddha_Statue_-_031_Dhyana_Mudra%2C_Amitabha_%2811678889813%29.jpg","images/samathi/40750042_Borobudur_-_Buddha_Statue_-_031_Dhyana_Mudra,_Amitabha_(11678889813).jpg","59f840861caf45370f6494b3c00264bb3821f7e1","3178","4274","CC BY 2.0","Photo Dharma from Penang, Malaysia","batch23/samathi/40750042_Borobudur_-_Buddha_Statue_-_031_Dhyana_Mudra,_Amitabha_(11678889813).jpg"
"42325556","samathi","unresolved:samathi:7a6922c6f773","text_search","""Dhyana mudra"" Thailand Buddha","File:Buddha, unidentified - Etnografiska museet - Stockholm, Sweden - DSC01379.JPG","https://commons.wikimedia.org/wiki/File:Buddha,_unidentified_-_Etnografiska_museet_-_Stockholm,_Sweden_-_DSC01379.JPG","https://upload.wikimedia.org/wikipedia/commons/thumb/f/fd/Buddha%2C_unidentified_-_Etnografiska_museet_-_Stockholm%2C_Sweden_-_DSC01379.JPG/1920px-Buddha%2C_unidentified_-_Etnografiska_museet_-_Stockholm%2C_Sweden_-_DSC01379.JPG","images/samathi/42325556_Buddha,_unidentified_-_Etnografiska_museet_-_Stockholm,_Sweden_-_DSC01379.jpg","7262f80ad7c653b313f52cbef7173fa7c7017ba3","3648","5472","CC0","Daderot","batch23/samathi/42325556_Buddha,_unidentified_-_Etnografiska_museet_-_Stockholm,_Sweden_-_DSC01379.jpg"
"50340148","samathi","unresolved:samathi:f21e811932d6","text_search","""Dhyana mudra"" Thailand Buddha","File:Gautama Buddha statue (5th century CE).jpg","https://commons.wikimedia.org/wiki/File:Gautama_Buddha_statue_(5th_century_CE).jpg","https://upload.wikimedia.org/wikipedia/commons/thumb/1/12/Gautama_Buddha_statue_%285th_century_CE%29.jpg/1920px-Gautama_Buddha_statue_%285th_century_CE%29.jpg","images/samathi/50340148_Gautama_Buddha_statue_(5th_century_CE).jpg","47914946e423b027e6a4845a28eb2735f89f3b6c","3420","4860","CC BY-SA 4.0","AKS.9955","batch23/samathi/50340148_Gautama_Buddha_statue_(5th_century_CE).jpg"
"50791870","samathi","unresolved:samathi:ee5e5537993b","text_search","""Dhyana mudra"" Thailand Buddha","File:027 Samadhi Buddha (20451017931).jpg","https://commons.wikimedia.org/wiki/File:027_Samadhi_Buddha_(20451017931).jpg","https://upload.wikimedia.org/wikipedia/commons/thumb/1/17/027_Samadhi_Buddha_%2820451017931%29.jpg/1920px-027_Samadhi_Buddha_%2820451017931%29.jpg","images/samathi/50791870_027_Samadhi_Buddha_(20451017931).jpg","1886fc8e083368c57c9d0abcdbe7609572494a22","3000","4000","CC BY 2.0","Photo Dharma from Sadao, Thailand","batch23/samathi/50791870_027_Samadhi_Buddha_(20451017931).jpg"
"58848427","samathi","unresolved:samathi:4cda71fd7d44","text_search","""Dhyana mudra"" Thailand Buddha","File:Bodhgaya 11 - The Great Buddha (33262628335).jpg","https://commons.wikimedia.org/wiki/File:Bodhgaya_11_-_The_Great_Buddha_(33262628335).jpg","https://upload.wikimedia.org/wikipedia/commons/thumb/9/9d/Bodhgaya_11_-_The_Great_Buddha_%2833262628335%29.jpg/1920px-Bodhgaya_11_-_The_Great_Buddha_%2833262628335%29.jpg","images/samathi/58848427_Bodhgaya_11_-_The_Great_Buddha_(33262628335).jpg","ec20949c14ecbfee4fcc2fca7ac9f086b1ea951a","3000","4000","CC BY-SA 2.0","juggadery","batch23/samathi/58848427_Bodhgaya_11_-_The_Great_Buddha_(33262628335).jpg"
"59879340","samathi","unresolved:samathi:d96389c22f2f","text_search","""Dhyana mudra"" Thailand Buddha","File:020 Amitabha Buddha Shrine Close up (35057244061).jpg","https://commons.wikimedia.org/wiki/File:020_Amitabha_Buddha_Shrine_Close_up_(35057244061).jpg","https://upload.wikimedia.org/wikipedia/commons/thumb/9/95/020_Amitabha_Buddha_Shrine_Close_up_%2835057244061%29.jpg/1920px-020_Amitabha_Buddha_Shrine_Close_up_%2835057244061%29.jpg","images/samathi/59879340_020_Amitabha_Buddha_Shrine_Close_up_(35057244061).jpg","a66ccfcc7c1ae54b2a516500bb7b5290d0745788","3536","5304","CC BY 2.0","Photo Dharma from Sadao, Thailand","batch23/samathi/59879340_020_Amitabha_Buddha_Shrine_Close_up_(35057244061).jpg"
"65810243","samathi","unresolved:samathi:e95110df9659","text_search","""Dhyana mudra"" Thailand Buddha","File:Buddha Shrine with Ambedkar (244910903).jpg","https://commons.wikimedia.org/wiki/File:Buddha_Shrine_with_Ambedkar_(244910903).jpg","https://upload.wikimedia.org/wikipedia/commons/thumb/8/8f/Buddha_Shrine_with_Ambedkar_%28244910903%29.jpg/1920px-Buddha_Shrine_with_Ambedkar_%28244910903%29.jpg","images/samathi/65810243_Buddha_Shrine_with_Ambedkar_(244910903).jpg","40bbdf57b7082820e01bc7060028f8f03545d4f1","1944","2592","CC BY 2.0","Akuppa John Wigham from Newcastle upon Tyne, England","batch23/samathi/65810243_Buddha_Shrine_with_Ambedkar_(244910903).jpg"
"65810260","samathi","unresolved:samathi:04b1be59d330","text_search","""Dhyana mudra"" Thailand Buddha","File:Buddha and Naga Canopy (411778142).jpg","https://commons.wikimedia.org/wiki/File:Buddha_and_Naga_Canopy_(411778142).jpg","https://upload.wikimedia.org/wikipedia/commons/thumb/4/40/Buddha_and_Naga_Canopy_%28411778142%29.jpg/1920px-Buddha_and_Naga_Canopy_%28411778142%29.jpg","images/samathi/65810260_Buddha_and_Naga_Canopy_(411778142).jpg","6c9fbfde6eab715c9d9975649420df4aed9488f1","2592","3888","CC BY 2.0","Akuppa John Wigham from Newcastle upon Tyne, England","batch23/samathi/65810260_Buddha_and_Naga_Canopy_(411778142).jpg"
"65810325","samathi","unresolved:samathi:44a8ae99a667","text_search","""Dhyana mudra"" Thailand Buddha","File:Buddha (3090910144).jpg","https://commons.wikimedia.org/wiki/File:Buddha_(3090910144).jpg","https://upload.wikimedia.org/wikipedia/commons/e/e5/Buddha_%283090910144%29.jpg","images/samathi/65810325_Buddha_(3090910144).jpg","5d2490a6245c42c3d2e62d2841519fe8451667ff","1536","2048","CC BY 2.0","Akuppa John Wigham from Newcastle upon Tyne, England","batch23/samathi/65810325_Buddha_(3090910144).jpg"
"65810523","samathi","unresolved:samathi:695c8053e94d","text_search","""Dhyana mudra"" Thailand Buddha","File:Amida Buddha (17316035251).jpg","https://commons.wikimedia.org/wiki/File:Amida_Buddha_(17316035251).jpg","https://upload.wikimedia.org/wikipedia/commons/thumb/8/8f/Amida_Buddha_%2817316035251%29.jpg/1920px-Amida_Buddha_%2817316035251%29.jpg","images/samathi/65810523_Amida_Buddha_(17316035251).jpg","52d02102a53b8d0f379b0220ce7a3c2649ed3f95","2690","3341","CC BY 2.0","Akuppa John Wigham from Newcastle upon Tyne, England","batch23/samathi/65810523_Amida_Buddha_(17316035251).jpg"
"65810527","samathi","unresolved:samathi:7f91765368e6","text_search","""Dhyana mudra"" Thailand Buddha","File:Buddha (17290525806).jpg","https://commons.wikimedia.org/wiki/File:Buddha_(17290525806).jpg","https://upload.wikimedia.org/wikipedia/commons/thumb/a/af/Buddha_%2817290525806%29.jpg/1920px-Buddha_%2817290525806%29.jpg","images/samathi/65810527_Buddha_(17290525806).jpg","04ef6370f15b208c66301c67bfdb92ad2c38e095","2672","3151","CC BY 2.0","Akuppa John Wigham from Newcastle upon Tyne, England","batch23/samathi/65810527_Buddha_(17290525806).jpg"
"65810534","samathi","unresolved:samathi:70b0e4b74222","text_search","""Dhyana mudra"" Thailand Buddha","File:Buddha (17314610462).jpg","https://commons.wikimedia.org/wiki/File:Buddha_(17314610462).jpg","https://upload.wikimedia.org/wikipedia/commons/thumb/6/65/Buddha_%2817314610462%29.jpg/1920px-Buddha_%2817314610462%29.jpg","images/samathi/65810534_Buddha_(17314610462).jpg","304097cac9987ef1af3f649405376d602f1e4d81","3334","3483","CC BY 2.0","Akuppa John Wigham from Newcastle upon Tyne, England","batch23/samathi/65810534_Buddha_(17314610462).jpg"
"65810537","samathi","unresolved:samathi:fa05a386867d","text_search","""Dhyana mudra"" Thailand Buddha","File:Buddha (17290488356).jpg","https://commons.wikimedia.org/wiki/File:Buddha_(17290488356).jpg","https://upload.wikimedia.org/wikipedia/commons/thumb/c/c9/Buddha_%2817290488356%29.jpg/1920px-Buddha_%2817290488356%29.jpg","images/samathi/65810537_Buddha_(17290488356).jpg","aedf41b0c9169b8a5634a65df532bc90ba440ab7","3456","4608","CC BY 2.0","Akuppa John Wigham from Newcastle upon Tyne, England","batch23/samathi/65810537_Buddha_(17290488356).jpg"
"65820735","samathi","unresolved:samathi:803040122f43","text_search","""Dhyana mudra"" Thailand Buddha","File:Buddha (AM 1934.336-14).jpg","https://commons.wikimedia.org/wiki/File:Buddha_(AM_1934.336-14).jpg","https://upload.wikimedia.org/wikipedia/commons/thumb/b/b6/Buddha_%28AM_1934.336-14%29.jpg/1920px-Buddha_%28AM_1934.336-14%29.jpg","images/samathi/65820735_Buddha_(AM_1934.336-14).jpg","3f2dc38d576d2c53427d947fdbbd84510b760ad5","3048","3936","CC BY 4.0","","batch23/samathi/65820735_Buddha_(AM_1934.336-14).jpg"
"65820738","samathi","unresolved:samathi:a04f3e11c31f","text_search","""Dhyana mudra"" Thailand Buddha","File:Buddha (AM 1934.336-15).jpg","https://commons.wikimedia.org/wiki/File:Buddha_(AM_1934.336-15).jpg","https://upload.wikimedia.org/wikipedia/commons/thumb/4/4e/Buddha_%28AM_1934.336-15%29.jpg/1920px-Buddha_%28AM_1934.336-15%29.jpg","images/samathi/65820738_Buddha_(AM_1934.336-15).jpg","9af20fa90c0803b2b9b375929c39a81189a6eca8","2423","4200","CC BY 4.0","","batch23/samathi/65820738_Buddha_(AM_1934.336-15).jpg"
"68960768","samathi","unresolved:samathi:57a7727c8305","text_search","""Dhyana mudra"" Thailand Buddha","File:Man painting in gold a statue of the Buddha.jpg","https://commons.wikimedia.org/wiki/File:Man_painting_in_gold_a_statue_of_the_Buddha.jpg","https://upload.wikimedia.org/wikipedia/commons/thumb/b/bf/Man_painting_in_gold_a_statue_of_the_Buddha.jpg/1920px-Man_painting_in_gold_a_statue_of_the_Buddha.jpg","images/samathi/68960768_Man_painting_in_gold_a_statue_of_the_Buddha.jpg","b042cc5eae1add397852c09cac114edff4338ba4","4104","6156","CC BY-SA 4.0","Basile Morin","batch23/samathi/68960768_Man_painting_in_gold_a_statue_of_the_Buddha.jpg"
"71849726","samathi","unresolved:samathi:ec3dc5d72b01","text_search","""Dhyana mudra"" Thailand Buddha","File:Small Buddha statue in Wat Pho Wai.jpg","https://commons.wikimedia.org/wiki/File:Small_Buddha_statue_in_Wat_Pho_Wai.jpg","https://upload.wikimedia.org/wikipedia/commons/thumb/3/3a/Small_Buddha_statue_in_Wat_Pho_Wai.jpg/1920px-Small_Buddha_statue_in_Wat_Pho_Wai.jpg","images/samathi/71849726_Small_Buddha_statue_in_Wat_Pho_Wai.jpg","db61d6d6a14c9be7d3150f7e8b982f4a68fb1f2b","2547","3821","CC BY-SA 4.0","Ahoerstemeier","batch23/samathi/71849726_Small_Buddha_statue_in_Wat_Pho_Wai.jpg"
"72470636","samathi","unresolved:samathi:f2270f40435e","text_search","""Dhyana mudra"" Thailand Buddha","File:Patung Buddha di Kuta.jpg","https://commons.wikimedia.org/wiki/File:Patung_Buddha_di_Kuta.jpg","https://upload.wikimedia.org/wikipedia/commons/thumb/2/23/Patung_Buddha_di_Kuta.jpg/1920px-Patung_Buddha_di_Kuta.jpg","images/samathi/72470636_Patung_Buddha_di_Kuta.jpg","2ed10e99d247e8a7bb8993176cae30789f457281","2448","3264","CC BY-SA 4.0","Herryz","batch23/samathi/72470636_Patung_Buddha_di_Kuta.jpg"
"79484201","samathi","unresolved:samathi:ff73cddc26ea","text_search","""Dhyana mudra"" Thailand Buddha","File:Beautiful Buddha Statue.jpg","https://commons.wikimedia.org/wiki/File:Beautiful_Buddha_Statue.jpg","https://upload.wikimedia.org/wikipedia/commons/thumb/5/50/Beautiful_Buddha_Statue.jpg/1920px-Beautiful_Buddha_Statue.jpg","images/samathi/79484201_Beautiful_Buddha_Statue.jpg","6bbf8e81b7f3aaa283a2332f1c7cde893dc8edc1","6016","4000","CC BY-SA 4.0","VINUKR86","batch23/samathi/79484201_Beautiful_Buddha_Statue.jpg"
"79690671","samathi","unresolved:samathi:73e6e435ad5d","text_search","""Dhyana mudra"" Thailand Buddha","File:Buddha Sign of Nepal.jpg","https://commons.wikimedia.org/wiki/File:Buddha_Sign_of_Nepal.jpg","https://upload.wikimedia.org/wikipedia/commons/thumb/d/d8/Buddha_Sign_of_Nepal.jpg/1920px-Buddha_Sign_of_Nepal.jpg","images/samathi/79690671_Buddha_Sign_of_Nepal.jpg","aa049bb9b907afc6a266e1077e675439c2a72d07","4000","6000","CC BY-SA 4.0","Subasis Mahat","batch23/samathi/79690671_Buddha_Sign_of_Nepal.jpg"
"82559889","samathi","unresolved:samathi:0f37996b582e","text_search","""Dhyana mudra"" Thailand Buddha","File:Gautam Buddha Statue at Dhulikhel, Nepal.jpg","https://commons.wikimedia.org/wiki/File:Gautam_Buddha_Statue_at_Dhulikhel,_Nepal.jpg","https://upload.wikimedia.org/wikipedia/commons/b/bc/Gautam_Buddha_Statue_at_Dhulikhel%2C_Nepal.jpg","images/samathi/82559889_Gautam_Buddha_Statue_at_Dhulikhel,_Nepal.jpg","053231507e617b5dda8d92737bdc33be30f50f05","1650","2377","CC BY-SA 4.0","Anuja Sharma","batch23/samathi/82559889_Gautam_Buddha_Statue_at_Dhulikhel,_Nepal.jpg"
"91597064","samathi","unresolved:samathi:ba4e0114c750","text_search","""Dhyana mudra"" Thailand Buddha","File:Thisarana Arama Buddha Statue.png","https://commons.wikimedia.org/wiki/File:Thisarana_Arama_Buddha_Statue.png","https://upload.wikimedia.org/wikipedia/commons/e/ec/Thisarana_Arama_Buddha_Statue.png","images/samathi/91597064_Thisarana_Arama_Buddha_Statue.png","bf761a05f08eaa159b6a058ec962179f3039e6cf","868","1056","CC BY-SA 4.0","Thisarana Arama","batch23/samathi/91597064_Thisarana_Arama_Buddha_Statue.jpg"
"98212821","samathi","unresolved:samathi:2220e3673854","text_search","""Dhyana mudra"" Thailand Buddha","File:Buddha Statue at Empty Cloud.jpg","https://commons.wikimedia.org/wiki/File:Buddha_Statue_at_Empty_Cloud.jpg","https://upload.wikimedia.org/wikipedia/commons/3/37/Buddha_Statue_at_Empty_Cloud.jpg","images/samathi/98212821_Buddha_Statue_at_Empty_Cloud.jpg","69bf7c811c0b1b8a31f4bfa92d91bdd216c22abe","800","560","CC BY-SA 4.0","Rikku411","batch23/samathi/98212821_Buddha_Statue_at_Empty_Cloud.jpg"
"99375469","samathi","unresolved:samathi:ee3c9ffcfca3","text_search","""Dhyana mudra"" Thailand Buddha","File:Oc Eo Culture Buddha Statue 01.jpg","https://commons.wikimedia.org/wiki/File:Oc_Eo_Culture_Buddha_Statue_01.jpg","https://upload.wikimedia.org/wikipedia/commons/thumb/5/5d/Oc_Eo_Culture_Buddha_Statue_01.jpg/1920px-Oc_Eo_Culture_Buddha_Statue_01.jpg","images/samathi/99375469_Oc_Eo_Culture_Buddha_Statue_01.jpg","c8c86d91e2191d8fa03864b1f7a744865ab10d13","3456","5184","CC0","Gary Todd","batch23/samathi/99375469_Oc_Eo_Culture_Buddha_Statue_01.jpg"
"99778331","samathi","unresolved:samathi:cee526d86056","text_search","""Dhyana mudra"" Thailand Buddha","File:Chinese Porcelain Buddha, 17th-18th Century.jpg","https://commons.wikimedia.org/wiki/File:Chinese_Porcelain_Buddha,_17th-18th_Century.jpg","https://upload.wikimedia.org/wikipedia/commons/thumb/c/c9/Chinese_Porcelain_Buddha%2C_17th-18th_Century.jpg/1920px-Chinese_Porcelain_Buddha%2C_17th-18th_Century.jpg","images/samathi/99778331_Chinese_Porcelain_Buddha,_17th-18th_Century.jpg","b9c9feb85f9f0621b0b876e25927aa1c90f90b9b","3456","5184","CC0","Gary Todd","batch23/samathi/99778331_Chinese_Porcelain_Buddha,_17th-18th_Century.jpg"
"109523745","samathi","unresolved:samathi:b8840144af6f","text_search","""Dhyana mudra"" Thailand Buddha","File:Statue af Buddha Amida siddende med hænderne i dhyanamudra.jpg","https://commons.wikimedia.org/wiki/File:Statue_af_Buddha_Amida_siddende_med_h%C3%A6nderne_i_dhyanamudra.jpg","https://upload.wikimedia.org/wikipedia/commons/thumb/0/09/Statue_af_Buddha_Amida_siddende_med_h%C3%A6nderne_i_dhyanamudra.jpg/1920px-Statue_af_Buddha_Amida_siddende_med_h%C3%A6nderne_i_dhyanamudra.jpg","images/samathi/109523745_Statue_af_Buddha_Amida_siddende_med_hænderne_i_dhyanamudra.jpg","688c9e7dadfd9e592d573a4dcda383c04136211f","4432","4531","CC BY-SA 4.0","Matopmaæ,iseet","batch23/samathi/109523745_Statue_af_Buddha_Amida_siddende_med_hænderne_i_dhyanamudra.jpg"
"110492487","samathi","unresolved:samathi:9e12f30c49aa","text_search","""Dhyana mudra"" Thailand Buddha","File:The Great Buddha statue, Bodh Gaya.jpg","https://commons.wikimedia.org/wiki/File:The_Great_Buddha_statue,_Bodh_Gaya.jpg","https://upload.wikimedia.org/wikipedia/commons/d/d9/The_Great_Buddha_statue%2C_Bodh_Gaya.jpg","images/samathi/110492487_The_Great_Buddha_statue,_Bodh_Gaya.jpg","2f82f1112e61e287e6b7f4b46cb9efe557061314","1901","1901","CC BY-SA 4.0","Santoshponnam","batch23/samathi/110492487_The_Great_Buddha_statue,_Bodh_Gaya.jpg"
"125252156","samathi","unresolved:samathi:cc9fb5b8a568","text_search","""Dhyana mudra"" Thailand Buddha","File:Buddha statue (2022-10-04) 03.jpg","https://commons.wikimedia.org/wiki/File:Buddha_statue_(2022-10-04)_03.jpg","https://upload.wikimedia.org/wikipedia/commons/thumb/e/ef/Buddha_statue_%282022-10-04%29_03.jpg/1920px-Buddha_statue_%282022-10-04%29_03.jpg","images/samathi/125252156_Buddha_statue_(2022-10-04)_03.jpg","6493ca5931e93ef2249dcfdb0db0f2e550cb52da","3864","5152","CC BY-SA 4.0","Vyacheslav Kirillin","batch23/samathi/125252156_Buddha_statue_(2022-10-04)_03.jpg"
"136915029","samathi","unresolved:samathi:9d04b0230376","text_search","""Dhyana mudra"" Thailand Buddha","File:Sculpture of Buddha Muchalinda, NUS Museum (111152).jpg","https://commons.wikimedia.org/wiki/File:Sculpture_of_Buddha_Muchalinda,_NUS_Museum_(111152).jpg","https://upload.wikimedia.org/wikipedia/commons/thumb/3/31/Sculpture_of_Buddha_Muchalinda%2C_NUS_Museum_%28111152%29.jpg/1920px-Sculpture_of_Buddha_Muchalinda%2C_NUS_Museum_%28111152%29.jpg","images/samathi/136915029_Sculpture_of_Buddha_Muchalinda,_NUS_Museum_(111152).jpg","b5f4e3dd8fa5418d94328c901f62c147dc8daca2","2667","4000","Public domain","Moheen Reeyad","batch23/samathi/136915029_Sculpture_of_Buddha_Muchalinda,_NUS_Museum_(111152).jpg"
"141255558","samathi","unresolved:samathi:d296a5b2e0e2","text_search","""Dhyana mudra"" Thailand Buddha","File:ACM-Buddha enthroned by a naga-03692.jpg","https://commons.wikimedia.org/wiki/File:ACM-Buddha_enthroned_by_a_naga-03692.jpg","https://upload.wikimedia.org/wikipedia/commons/thumb/1/18/ACM-Buddha_enthroned_by_a_naga-03692.jpg/1920px-ACM-Buddha_enthroned_by_a_naga-03692.jpg","images/samathi/141255558_ACM-Buddha_enthroned_by_a_naga-03692.jpg","818a298768fa226da86c577a2abfb4b360919c19","3790","5685","CC0","","batch23/samathi/141255558_ACM-Buddha_enthroned_by_a_naga-03692.jpg"
"146898255","samathi","unresolved:samathi:8c12e50ad868","text_search","""Dhyana mudra"" Thailand Buddha","File:048 Amitabha Buddha, Brahmavihara Monastery, Melaka, Malaysia, photograph by Anandajoti Bhikkhu.jpg","https://commons.wikimedia.org/wiki/File:048_Amitabha_Buddha,_Brahmavihara_Monastery,_Melaka,_Malaysia,_photograph_by_Anandajoti_Bhikkhu.jpg","https://upload.wikimedia.org/wikipedia/commons/thumb/2/2a/048_Amitabha_Buddha%2C_Brahmavihara_Monastery%2C_Melaka%2C_Malaysia%2C_photograph_by_Anandajoti_Bhikkhu.jpg/1920px-048_Amitabha_Buddha%2C_Brahmavihara_Monastery%2C_Melaka%2C_Malaysia%2C_photograph_by_Anandajoti_Bhikkhu.jpg","images/samathi/146898255_048_Amitabha_Buddha,_Brahmavihara_Monastery,_Melaka,_Malaysia,_photograph_by_Anandajoti_Bhikkhu.jpg","34478f77c13176c538c7357bd5ec5aace9081f48","3648","5472","CC BY-SA 4.0","Anandajoti","batch23/samathi/146898255_048_Amitabha_Buddha,_Brahmavihara_Monastery,_Melaka,_Malaysia,_photograph_by_Anandajoti_Bhikkhu.jpg"
"154048859","samathi","unresolved:samathi:aee45552f3fa","text_search","""Dhyana mudra"" Thailand Buddha","File:Emerald Buddha statue in Wat Phra That Doi Suthep.jpg","https://commons.wikimedia.org/wiki/File:Emerald_Buddha_statue_in_Wat_Phra_That_Doi_Suthep.jpg","https://upload.wikimedia.org/wikipedia/commons/thumb/5/56/Emerald_Buddha_statue_in_Wat_Phra_That_Doi_Suthep.jpg/1920px-Emerald_Buddha_statue_in_Wat_Phra_That_Doi_Suthep.jpg","images/samathi/154048859_Emerald_Buddha_statue_in_Wat_Phra_That_Doi_Suthep.jpg","4960b0d4989a0da1e631e32d2f0792028c71354c","2252","4000","CC0","Deepak-nsk","batch23/samathi/154048859_Emerald_Buddha_statue_in_Wat_Phra_That_Doi_Suthep.jpg"
"181870377","samathi","unresolved:samathi:1f745cebbbe5","text_search","""Dhyana mudra"" Thailand Buddha","File:Sculpture of Buddha seated in Dhyana Mudra, circa 700 CE, Sandstone Sanchi Museum, Madhya Pradesh.jpg","https://commons.wikimedia.org/wiki/File:Sculpture_of_Buddha_seated_in_Dhyana_Mudra,_circa_700_CE,_Sandstone_Sanchi_Museum,_Madhya_Pradesh.jpg","https://upload.wikimedia.org/wikipedia/commons/6/63/Sculpture_of_Buddha_seated_in_Dhyana_Mudra%2C_circa_700_CE%2C_Sandstone_Sanchi_Museum%2C_Madhya_Pradesh.jpg","images/samathi/181870377_Sculpture_of_Buddha_seated_in_Dhyana_Mudra,_circa_700_CE,_Sandstone_Sanchi_Museum,_Madhya_Pradesh.jpg","c091ed91fce6fdf201648388c4f32b3dfc8fa52a","736","810","CC BY-SA 4.0","SpeakingArch","batch23/samathi/181870377_Sculpture_of_Buddha_seated_in_Dhyana_Mudra,_circa_700_CE,_Sandstone_Sanchi_Museum,_Madhya_Pradesh.jpg"
"3618979","nakprok","unresolved:nakprok:ae9fdd104b52","text_search","""พระนาคปรก"" Thailand","File:Watphomap.png","https://commons.wikimedia.org/wiki/File:Watphomap.png","https://upload.wikimedia.org/wikipedia/commons/4/4b/Watphomap.png","images/nakprok/3618979_Watphomap.png","4fb21f807ca6d91b99fc331ddd89e2e026e84ec5","1800","1177","CC BY-SA 4.0","Heinrich Damm (User:Hdamm, Hdamm at de.wikipedia.org)","batch23/nakprok/3618979_Watphomap.jpg"
"55201538","nakprok","unresolved:nakprok:887245a1caa6","text_search","""พระนาคปรก"" Thailand","File:พระนาคปรก กรุนาดูน.jpg","https://commons.wikimedia.org/wiki/File:%E0%B8%9E%E0%B8%A3%E0%B8%B0%E0%B8%99%E0%B8%B2%E0%B8%84%E0%B8%9B%E0%B8%A3%E0%B8%81_%E0%B8%81%E0%B8%A3%E0%B8%B8%E0%B8%99%E0%B8%B2%E0%B8%94%E0%B8%B9%E0%B8%99.jpg","https://upload.wikimedia.org/wikipedia/commons/thumb/f/fb/%E0%B8%9E%E0%B8%A3%E0%B8%B0%E0%B8%99%E0%B8%B2%E0%B8%84%E0%B8%9B%E0%B8%A3%E0%B8%81_%E0%B8%81%E0%B8%A3%E0%B8%B8%E0%B8%99%E0%B8%B2%E0%B8%94%E0%B8%B9%E0%B8%99.jpg/1920px-%E0%B8%9E%E0%B8%A3%E0%B8%B0%E0%B8%99%E0%B8%B2%E0%B8%84%E0%B8%9B%E0%B8%A3%E0%B8%81_%E0%B8%81%E0%B8%A3%E0%B8%B8%E0%B8%99%E0%B8%B2%E0%B8%94%E0%B8%B9%E0%B8%99.jpg","images/nakprok/55201538_พระนาคปรก_กรุนาดูน.jpg","3d6d0dca433f14f8548d101cfe3e70a795bc4ff6","3120","4160","CC BY-SA 4.0","Suriya aruno","batch23/nakprok/55201538_พระนาคปรก_กรุนาดูน.jpg"
"69969762","nakprok","unresolved:nakprok:0a1da92d73b3","text_search","""พระนาคปรก"" Thailand","File:พระนาคปรกหินทราย.jpg","https://commons.wikimedia.org/wiki/File:%E0%B8%9E%E0%B8%A3%E0%B8%B0%E0%B8%99%E0%B8%B2%E0%B8%84%E0%B8%9B%E0%B8%A3%E0%B8%81%E0%B8%AB%E0%B8%B4%E0%B8%99%E0%B8%97%E0%B8%A3%E0%B8%B2%E0%B8%A2.jpg","https://upload.wikimedia.org/wikipedia/commons/thumb/d/d0/%E0%B8%9E%E0%B8%A3%E0%B8%B0%E0%B8%99%E0%B8%B2%E0%B8%84%E0%B8%9B%E0%B8%A3%E0%B8%81%E0%B8%AB%E0%B8%B4%E0%B8%99%E0%B8%97%E0%B8%A3%E0%B8%B2%E0%B8%A2.jpg/1920px-%E0%B8%9E%E0%B8%A3%E0%B8%B0%E0%B8%99%E0%B8%B2%E0%B8%84%E0%B8%9B%E0%B8%A3%E0%B8%81%E0%B8%AB%E0%B8%B4%E0%B8%99%E0%B8%97%E0%B8%A3%E0%B8%B2%E0%B8%A2.jpg","images/nakprok/69969762_พระนาคปรกหินทราย.jpg","f62321e2d00c2ceaf1a4b64fbce91a6720ade9e6","4608","3456","CC BY-SA 4.0","พระครูสุทธิปัญญาโสภณ","batch23/nakprok/69969762_พระนาคปรกหินทราย.jpg"
"191704137","nakprok","unresolved:nakprok:7a32609304ab","text_search","""พระนาคปรก"" Thailand","File:Angkor Wat (3).jpg","https://commons.wikimedia.org/wiki/File:Angkor_Wat_(3).jpg","https://upload.wikimedia.org/wikipedia/commons/thumb/5/57/Angkor_Wat_%283%29.jpg/1920px-Angkor_Wat_%283%29.jpg","images/nakprok/191704137_Angkor_Wat_(3).jpg","8126bbc8d5119d33bb2dd93eb6a353774a217457","2500","3882","Public domain","Unknown authorUnknown author","batch23/nakprok/191704137_Angkor_Wat_(3).jpg"
"3461069","nakprok","unresolved:nakprok:9d254a34f3b8","text_search","""Mucilinda in Thailand""","File:SalaKeoKou 2.jpg","https://commons.wikimedia.org/wiki/File:SalaKeoKou_2.jpg","https://upload.wikimedia.org/wikipedia/commons/4/4f/SalaKeoKou_2.jpg","images/nakprok/3461069_SalaKeoKou_2.jpg","256e4c0cd7ad6b9f34c5759609568c136beb03ea","752","600","CC BY-SA 3.0","Der aus Uebersee kommt","batch23/nakprok/3461069_SalaKeoKou_2.jpg"
"5336531","nakprok","unresolved:nakprok:1b52b14ca93e","text_search","""Mucilinda in Thailand""","File:Phimai-pano-8.jpg","https://commons.wikimedia.org/wiki/File:Phimai-pano-8.jpg","https://upload.wikimedia.org/wikipedia/commons/thumb/7/7f/Phimai-pano-8.jpg/1920px-Phimai-pano-8.jpg","images/nakprok/5336531_Phimai-pano-8.jpg","ceadb9320ccdbb412010cec7ea2ef15deace51a6","5903","2954","CC BY-SA 3.0","Ddalbiez","batch23/nakprok/5336531_Phimai-pano-8.jpg"
"17099774","nakprok","unresolved:nakprok:5e8e9ed282f5","text_search","""Mucilinda in Thailand""","File:Muchilinda Buddha from Thailand, Angkor kingdom, Lopburi style, 13th-14th century, sandstone, promised gift to HAA.JPG","https://commons.wikimedia.org/wiki/File:Muchilinda_Buddha_from_Thailand,_Angkor_kingdom,_Lopburi_style,_13th-14th_century,_sandstone,_promised_gift_to_HAA.JPG","https://upload.wikimedia.org/wikipedia/commons/7/72/Muchilinda_Buddha_from_Thailand%2C_Angkor_kingdom%2C_Lopburi_style%2C_13th-14th_century%2C_sandstone%2C_promised_gift_to_HAA.JPG","images/nakprok/17099774_Muchilinda_Buddha_from_Thailand,_Angkor_kingdom,_Lopburi_style,_13th-14th_century,_sandstone,_promis.jpg","6b4df0f99b3d2afe7f11ed71d7d62d39799c78f6","1218","2970","CC0","Hiart","batch23/nakprok/17099774_Muchilinda_Buddha_from_Thailand,_Angkor_kingdom,_Lopburi_style,_13th-14th_century,_sandstone,_promis.jpg"
"22921512","nakprok","unresolved:nakprok:181789e8a9e9","text_search","""Mucilinda in Thailand""","File:Buddha Naga2 Square Large.JPG","https://commons.wikimedia.org/wiki/File:Buddha_Naga2_Square_Large.JPG","https://upload.wikimedia.org/wikipedia/commons/thumb/d/df/Buddha_Naga2_Square_Large.JPG/1920px-Buddha_Naga2_Square_Large.JPG","images/nakprok/22921512_Buddha_Naga2_Square_Large.jpg","17f464d9208f1ece4e5a5776d2f335af9e78fddd","2000","2000","CC BY-SA 4.0","User: (WT-shared) Jpatokal at  wts wikivoyage","batch23/nakprok/22921512_Buddha_Naga2_Square_Large.jpg"
"25682791","nakprok","unresolved:nakprok:90fe541fea29","text_search","""Mucilinda in Thailand""","File:201304061028c Wat Tham Nakarat Geisterhäuschen Nagas.jpg","https://commons.wikimedia.org/wiki/File:201304061028c_Wat_Tham_Nakarat_Geisterh%C3%A4uschen_Nagas.jpg","https://upload.wikimedia.org/wikipedia/commons/thumb/5/5e/201304061028c_Wat_Tham_Nakarat_Geisterh%C3%A4uschen_Nagas.jpg/1920px-201304061028c_Wat_Tham_Nakarat_Geisterh%C3%A4uschen_Nagas.jpg","images/nakprok/25682791_201304061028c_Wat_Tham_Nakarat_Geisterhäuschen_Nagas.jpg","9c0b793fcbcdee922f2a2223bacd6a26e8347168","2584","4336","CC BY-SA 4.0","Hartmann Linge","batch23/nakprok/25682791_201304061028c_Wat_Tham_Nakarat_Geisterhäuschen_Nagas.jpg"
"25683934","nakprok","unresolved:nakprok:53bc64d0b301","text_search","""Mucilinda in Thailand""","File:201304061107c Wat Tham Nakarat.jpg","https://commons.wikimedia.org/wiki/File:201304061107c_Wat_Tham_Nakarat.jpg","https://upload.wikimedia.org/wikipedia/commons/thumb/8/8d/201304061107c_Wat_Tham_Nakarat.jpg/1920px-201304061107c_Wat_Tham_Nakarat.jpg","images/nakprok/25683934_201304061107c_Wat_Tham_Nakarat.jpg","475144c6c6c0e6184e922e155af13fa90c6cbec6","2659","3583","CC BY-SA 4.0","Hartmann Linge","batch23/nakprok/25683934_201304061107c_Wat_Tham_Nakarat.jpg"
"40212972","nakprok","unresolved:nakprok:541ec208df5f","text_search","""Mucilinda in Thailand""","File:Wat Tham Khao Rup Chang - 149 Mucilinda Protects Buddha (14478051150).jpg","https://commons.wikimedia.org/wiki/File:Wat_Tham_Khao_Rup_Chang_-_149_Mucilinda_Protects_Buddha_(14478051150).jpg","https://upload.wikimedia.org/wikipedia/commons/7/7d/Wat_Tham_Khao_Rup_Chang_-_149_Mucilinda_Protects_Buddha_%2814478051150%29.jpg","images/nakprok/40212972_Wat_Tham_Khao_Rup_Chang_-_149_Mucilinda_Protects_Buddha_(14478051150).jpg","38ae46cc56b9a07583f92ec6f821d576c852d03d","1676","2764","CC BY 2.0","Photo Dharma from Penang, Malaysia","batch23/nakprok/40212972_Wat_Tham_Khao_Rup_Chang_-_149_Mucilinda_Protects_Buddha_(14478051150).jpg"
"50795200","nakprok","unresolved:nakprok:8b4daf35b779","text_search","""Mucilinda in Thailand""","File:028 Buddha protected by Mucilinda (9261608770).jpg","https://commons.wikimedia.org/wiki/File:028_Buddha_protected_by_Mucilinda_(9261608770).jpg","https://upload.wikimedia.org/wikipedia/commons/thumb/d/d1/028_Buddha_protected_by_Mucilinda_%289261608770%29.jpg/1920px-028_Buddha_protected_by_Mucilinda_%289261608770%29.jpg","images/nakprok/50795200_028_Buddha_protected_by_Mucilinda_(9261608770).jpg","162bed9215b2588e2c31415146a2d0553525e400","3072","2304","CC BY 2.0","Photo Dharma from Sadao, Thailand","batch23/nakprok/50795200_028_Buddha_protected_by_Mucilinda_(9261608770).jpg"
"56264522","nakprok","unresolved:nakprok:a4663ee7efde","text_search","""Mucilinda in Thailand""","File:Chao Sam Phraya Museum - 2017-02-13 (043).jpg","https://commons.wikimedia.org/wiki/File:Chao_Sam_Phraya_Museum_-_2017-02-13_(043).jpg","https://upload.wikimedia.org/wikipedia/commons/thumb/7/77/Chao_Sam_Phraya_Museum_-_2017-02-13_%28043%29.jpg/1920px-Chao_Sam_Phraya_Museum_-_2017-02-13_%28043%29.jpg","images/nakprok/56264522_Chao_Sam_Phraya_Museum_-_2017-02-13_(043).jpg","72b88782c54c3c6546c14ce9aac4fa8fd2b25eaf","3024","4032","CC0","Iudexvivorum","batch23/nakprok/56264522_Chao_Sam_Phraya_Museum_-_2017-02-13_(043).jpg"
"56264523","nakprok","unresolved:nakprok:cf3634d49767","text_search","""Mucilinda in Thailand""","File:Chao Sam Phraya Museum - 2017-02-13 (042).jpg","https://commons.wikimedia.org/wiki/File:Chao_Sam_Phraya_Museum_-_2017-02-13_(042).jpg","https://upload.wikimedia.org/wikipedia/commons/thumb/c/cd/Chao_Sam_Phraya_Museum_-_2017-02-13_%28042%29.jpg/1920px-Chao_Sam_Phraya_Museum_-_2017-02-13_%28042%29.jpg","images/nakprok/56264523_Chao_Sam_Phraya_Museum_-_2017-02-13_(042).jpg","38cdc0fcfe16faf2de8ad66da7cd10d7217dccf6","3024","4032","CC0","Iudexvivorum","batch23/nakprok/56264523_Chao_Sam_Phraya_Museum_-_2017-02-13_(042).jpg"
"56264531","nakprok","unresolved:nakprok:a6dd744d1926","text_search","""Mucilinda in Thailand""","File:Chao Sam Phraya Museum - 2017-02-13 (050).jpg","https://commons.wikimedia.org/wiki/File:Chao_Sam_Phraya_Museum_-_2017-02-13_(050).jpg","https://upload.wikimedia.org/wikipedia/commons/thumb/5/54/Chao_Sam_Phraya_Museum_-_2017-02-13_%28050%29.jpg/1920px-Chao_Sam_Phraya_Museum_-_2017-02-13_%28050%29.jpg","images/nakprok/56264531_Chao_Sam_Phraya_Museum_-_2017-02-13_(050).jpg","7a2babacfc16c7ed143e3afd492b8e751dc0e2ad","3024","4032","CC0","Iudexvivorum","batch23/nakprok/56264531_Chao_Sam_Phraya_Museum_-_2017-02-13_(050).jpg"
"56264533","nakprok","unresolved:nakprok:77bc0eedca2a","text_search","""Mucilinda in Thailand""","File:Chao Sam Phraya Museum - 2017-02-13 (049).jpg","https://commons.wikimedia.org/wiki/File:Chao_Sam_Phraya_Museum_-_2017-02-13_(049).jpg","https://upload.wikimedia.org/wikipedia/commons/thumb/f/f0/Chao_Sam_Phraya_Museum_-_2017-02-13_%28049%29.jpg/1920px-Chao_Sam_Phraya_Museum_-_2017-02-13_%28049%29.jpg","images/nakprok/56264533_Chao_Sam_Phraya_Museum_-_2017-02-13_(049).jpg","3594663a3efe421535d89ade923944000f78e8af","2925","3926","CC0","Iudexvivorum","batch23/nakprok/56264533_Chao_Sam_Phraya_Museum_-_2017-02-13_(049).jpg"
"56264534","nakprok","unresolved:nakprok:726020f44551","text_search","""Mucilinda in Thailand""","File:Chao Sam Phraya Museum - 2017-02-13 (052).jpg","https://commons.wikimedia.org/wiki/File:Chao_Sam_Phraya_Museum_-_2017-02-13_(052).jpg","https://upload.wikimedia.org/wikipedia/commons/thumb/b/b2/Chao_Sam_Phraya_Museum_-_2017-02-13_%28052%29.jpg/1920px-Chao_Sam_Phraya_Museum_-_2017-02-13_%28052%29.jpg","images/nakprok/56264534_Chao_Sam_Phraya_Museum_-_2017-02-13_(052).jpg","a09c9de3640e6ec4fede5c73e5430c95093d6bea","3024","4032","CC0","Iudexvivorum","batch23/nakprok/56264534_Chao_Sam_Phraya_Museum_-_2017-02-13_(052).jpg"
"56264535","nakprok","unresolved:nakprok:f4e43216a01b","text_search","""Mucilinda in Thailand""","File:Chao Sam Phraya Museum - 2017-02-13 (053).jpg","https://commons.wikimedia.org/wiki/File:Chao_Sam_Phraya_Museum_-_2017-02-13_(053).jpg","https://upload.wikimedia.org/wikipedia/commons/thumb/a/af/Chao_Sam_Phraya_Museum_-_2017-02-13_%28053%29.jpg/1920px-Chao_Sam_Phraya_Museum_-_2017-02-13_%28053%29.jpg","images/nakprok/56264535_Chao_Sam_Phraya_Museum_-_2017-02-13_(053).jpg","2349e84a45f5e16bd96f1f53e8a6358b38167a95","3024","4032","CC0","Iudexvivorum","batch23/nakprok/56264535_Chao_Sam_Phraya_Museum_-_2017-02-13_(053).jpg"
"56264537","nakprok","unresolved:nakprok:4f9b467ad74c","text_search","""Mucilinda in Thailand""","File:Chao Sam Phraya Museum - 2017-02-13 (051).jpg","https://commons.wikimedia.org/wiki/File:Chao_Sam_Phraya_Museum_-_2017-02-13_(051).jpg","https://upload.wikimedia.org/wikipedia/commons/thumb/8/82/Chao_Sam_Phraya_Museum_-_2017-02-13_%28051%29.jpg/1920px-Chao_Sam_Phraya_Museum_-_2017-02-13_%28051%29.jpg","images/nakprok/56264537_Chao_Sam_Phraya_Museum_-_2017-02-13_(051).jpg","1df526a64064040125d77b9e1be59d1d11e8a825","3024","4032","CC0","Iudexvivorum","batch23/nakprok/56264537_Chao_Sam_Phraya_Museum_-_2017-02-13_(051).jpg"
"56264539","nakprok","unresolved:nakprok:bb6ef301399d","text_search","""Mucilinda in Thailand""","File:Chao Sam Phraya Museum - 2017-02-13 (054).jpg","https://commons.wikimedia.org/wiki/File:Chao_Sam_Phraya_Museum_-_2017-02-13_(054).jpg","https://upload.wikimedia.org/wikipedia/commons/thumb/e/ea/Chao_Sam_Phraya_Museum_-_2017-02-13_%28054%29.jpg/1920px-Chao_Sam_Phraya_Museum_-_2017-02-13_%28054%29.jpg","images/nakprok/56264539_Chao_Sam_Phraya_Museum_-_2017-02-13_(054).jpg","c91d6f82b64e503af534caea7cd1165c238759a1","3024","4032","CC0","Iudexvivorum","batch23/nakprok/56264539_Chao_Sam_Phraya_Museum_-_2017-02-13_(054).jpg"
"58879838","nakprok","unresolved:nakprok:4f65acffb743","text_search","""Mucilinda in Thailand""","File:Wat Traimit - 2017-05-12 (113).jpg","https://commons.wikimedia.org/wiki/File:Wat_Traimit_-_2017-05-12_(113).jpg","https://upload.wikimedia.org/wikipedia/commons/thumb/4/48/Wat_Traimit_-_2017-05-12_%28113%29.jpg/1920px-Wat_Traimit_-_2017-05-12_%28113%29.jpg","images/nakprok/58879838_Wat_Traimit_-_2017-05-12_(113).jpg","64cb967820ffdd1a2c4972859717645e8c52c768","3024","4032","CC0","Iudexvivorum","batch23/nakprok/58879838_Wat_Traimit_-_2017-05-12_(113).jpg"
"89325925","nakprok","unresolved:nakprok:2ba76a9cb750","text_search","""Mucilinda in Thailand""","File:Sala Keoku 9.jpg","https://commons.wikimedia.org/wiki/File:Sala_Keoku_9.jpg","https://upload.wikimedia.org/wikipedia/commons/thumb/4/4e/Sala_Keoku_9.jpg/1920px-Sala_Keoku_9.jpg","images/nakprok/89325925_Sala_Keoku_9.jpg","160872750cb32c578dca6c849b13eeb4142e88d2","3888","5184","CC BY-SA 4.0","Christophe95","batch23/nakprok/89325925_Sala_Keoku_9.jpg"
"137773573","nakprok","unresolved:nakprok:758063be4bf2","text_search","""Mucilinda in Thailand""","File:(2023) วัดสุทัศนเทพวรารามราชวรมหาวิหาร เขตพระนคร กรุงเทพมหานคร (10).jpg","https://commons.wikimedia.org/wiki/File:(2023)_%E0%B8%A7%E0%B8%B1%E0%B8%94%E0%B8%AA%E0%B8%B8%E0%B8%97%E0%B8%B1%E0%B8%A8%E0%B8%99%E0%B9%80%E0%B8%97%E0%B8%9E%E0%B8%A7%E0%B8%A3%E0%B8%B2%E0%B8%A3%E0%B8%B2%E0%B8%A1%E0%B8%A3%E0%B8%B2%E0%B8%8A%E0%B8%A7%E0%B8%A3%E0%B8%A1%E0%B8%AB%E0%B8%B2%E0%B8%A7%E0%B8%B4%E0%B8%AB%E0%B8%B2%E0%B8%A3_%E0%B9%80%E0%B8%82%E0%B8%95%E0%B8%9E%E0%B8%A3%E0%B8%B0%E0%B8%99%E0%B8%84%E0%B8%A3_%E0%B8%81%E0%B8%A3%E0%B8%B8%E0%B8%87%E0%B9%80%E0%B8%97%E0%B8%9E%E0%B8%A1%E0%B8%AB%E0%B8%B2%E0%B8%99%E0%B8%84%E0%B8%A3_(10).jpg","https://upload.wikimedia.org/wikipedia/commons/thumb/b/ba/%282023%29_%E0%B8%A7%E0%B8%B1%E0%B8%94%E0%B8%AA%E0%B8%B8%E0%B8%97%E0%B8%B1%E0%B8%A8%E0%B8%99%E0%B9%80%E0%B8%97%E0%B8%9E%E0%B8%A7%E0%B8%A3%E0%B8%B2%E0%B8%A3%E0%B8%B2%E0%B8%A1%E0%B8%A3%E0%B8%B2%E0%B8%8A%E0%B8%A7%E0%B8%A3%E0%B8%A1%E0%B8%AB%E0%B8%B2%E0%B8%A7%E0%B8%B4%E0%B8%AB%E0%B8%B2%E0%B8%A3_%E0%B9%80%E0%B8%82%E0%B8%95%E0%B8%9E%E0%B8%A3%E0%B8%B0%E0%B8%99%E0%B8%84%E0%B8%A3_%E0%B8%81%E0%B8%A3%E0%B8%B8%E0%B8%87%E0%B9%80%E0%B8%97%E0%B8%9E%E0%B8%A1%E0%B8%AB%E0%B8%B2%E0%B8%99%E0%B8%84%E0%B8%A3_%2810%29.jpg/1920px-thumbnail.jpg","images/nakprok/137773573_(2023)_วัดสุทัศนเทพวรารามราชวรมหาวิหาร_เขตพระนคร_กรุงเทพมหานคร_(10).jpg","e968d0e090216d3c7d47308955c355e5f6a72b10","3448","4592","CC BY-SA 4.0","กสิณธร ราชโอรส","batch23/nakprok/137773573_(2023)_วัดสุทัศนเทพวรารามราชวรมหาวิหาร_เขตพระนคร_กรุงเทพมหานคร_(10).jpg"
"137773598","nakprok","unresolved:nakprok:6275df23c6a0","text_search","""Mucilinda in Thailand""","File:(2023) วัดสุทัศนเทพวรารามราชวรมหาวิหาร เขตพระนคร กรุงเทพมหานคร (28).jpg","https://commons.wikimedia.org/wiki/File:(2023)_%E0%B8%A7%E0%B8%B1%E0%B8%94%E0%B8%AA%E0%B8%B8%E0%B8%97%E0%B8%B1%E0%B8%A8%E0%B8%99%E0%B9%80%E0%B8%97%E0%B8%9E%E0%B8%A7%E0%B8%A3%E0%B8%B2%E0%B8%A3%E0%B8%B2%E0%B8%A1%E0%B8%A3%E0%B8%B2%E0%B8%8A%E0%B8%A7%E0%B8%A3%E0%B8%A1%E0%B8%AB%E0%B8%B2%E0%B8%A7%E0%B8%B4%E0%B8%AB%E0%B8%B2%E0%B8%A3_%E0%B9%80%E0%B8%82%E0%B8%95%E0%B8%9E%E0%B8%A3%E0%B8%B0%E0%B8%99%E0%B8%84%E0%B8%A3_%E0%B8%81%E0%B8%A3%E0%B8%B8%E0%B8%87%E0%B9%80%E0%B8%97%E0%B8%9E%E0%B8%A1%E0%B8%AB%E0%B8%B2%E0%B8%99%E0%B8%84%E0%B8%A3_(28).jpg","https://upload.wikimedia.org/wikipedia/commons/thumb/1/1c/%282023%29_%E0%B8%A7%E0%B8%B1%E0%B8%94%E0%B8%AA%E0%B8%B8%E0%B8%97%E0%B8%B1%E0%B8%A8%E0%B8%99%E0%B9%80%E0%B8%97%E0%B8%9E%E0%B8%A7%E0%B8%A3%E0%B8%B2%E0%B8%A3%E0%B8%B2%E0%B8%A1%E0%B8%A3%E0%B8%B2%E0%B8%8A%E0%B8%A7%E0%B8%A3%E0%B8%A1%E0%B8%AB%E0%B8%B2%E0%B8%A7%E0%B8%B4%E0%B8%AB%E0%B8%B2%E0%B8%A3_%E0%B9%80%E0%B8%82%E0%B8%95%E0%B8%9E%E0%B8%A3%E0%B8%B0%E0%B8%99%E0%B8%84%E0%B8%A3_%E0%B8%81%E0%B8%A3%E0%B8%B8%E0%B8%87%E0%B9%80%E0%B8%97%E0%B8%9E%E0%B8%A1%E0%B8%AB%E0%B8%B2%E0%B8%99%E0%B8%84%E0%B8%A3_%2828%29.jpg/1920px-thumbnail.jpg","images/nakprok/137773598_(2023)_วัดสุทัศนเทพวรารามราชวรมหาวิหาร_เขตพระนคร_กรุงเทพมหานคร_(28).jpg","e5f21ee1e52e66e0b32262a02f1b7dd291d3469d","3448","4592","CC BY-SA 4.0","กสิณธร ราชโอรส","batch23/nakprok/137773598_(2023)_วัดสุทัศนเทพวรารามราชวรมหาวิหาร_เขตพระนคร_กรุงเทพมหานคร_(28).jpg"
"181262937","nakprok","unresolved:nakprok:c374dc440b27","text_search","""Mucilinda in Thailand""","File:(2023) วัดสุทัศนเทพวรารามราชวรมหาวิหาร เขตพระนคร กรุงเทพมหานคร (28) (close up).jpg","https://commons.wikimedia.org/wiki/File:(2023)_%E0%B8%A7%E0%B8%B1%E0%B8%94%E0%B8%AA%E0%B8%B8%E0%B8%97%E0%B8%B1%E0%B8%A8%E0%B8%99%E0%B9%80%E0%B8%97%E0%B8%9E%E0%B8%A7%E0%B8%A3%E0%B8%B2%E0%B8%A3%E0%B8%B2%E0%B8%A1%E0%B8%A3%E0%B8%B2%E0%B8%8A%E0%B8%A7%E0%B8%A3%E0%B8%A1%E0%B8%AB%E0%B8%B2%E0%B8%A7%E0%B8%B4%E0%B8%AB%E0%B8%B2%E0%B8%A3_%E0%B9%80%E0%B8%82%E0%B8%95%E0%B8%9E%E0%B8%A3%E0%B8%B0%E0%B8%99%E0%B8%84%E0%B8%A3_%E0%B8%81%E0%B8%A3%E0%B8%B8%E0%B8%87%E0%B9%80%E0%B8%97%E0%B8%9E%E0%B8%A1%E0%B8%AB%E0%B8%B2%E0%B8%99%E0%B8%84%E0%B8%A3_(28)_(close_up).jpg","https://upload.wikimedia.org/wikipedia/commons/thumb/4/44/%282023%29_%E0%B8%A7%E0%B8%B1%E0%B8%94%E0%B8%AA%E0%B8%B8%E0%B8%97%E0%B8%B1%E0%B8%A8%E0%B8%99%E0%B9%80%E0%B8%97%E0%B8%9E%E0%B8%A7%E0%B8%A3%E0%B8%B2%E0%B8%A3%E0%B8%B2%E0%B8%A1%E0%B8%A3%E0%B8%B2%E0%B8%8A%E0%B8%A7%E0%B8%A3%E0%B8%A1%E0%B8%AB%E0%B8%B2%E0%B8%A7%E0%B8%B4%E0%B8%AB%E0%B8%B2%E0%B8%A3_%E0%B9%80%E0%B8%82%E0%B8%95%E0%B8%9E%E0%B8%A3%E0%B8%B0%E0%B8%99%E0%B8%84%E0%B8%A3_%E0%B8%81%E0%B8%A3%E0%B8%B8%E0%B8%87%E0%B9%80%E0%B8%97%E0%B8%9E%E0%B8%A1%E0%B8%AB%E0%B8%B2%E0%B8%99%E0%B8%84%E0%B8%A3_%2828%29_%28close_up%29.jpg/1920px-thumbnail.jpg","images/nakprok/181262937_(2023)_วัดสุทัศนเทพวรารามราชวรมหาวิหาร_เขตพระนคร_กรุงเทพมหานคร_(28)_(close_up).jpg","2a61ac0b3ebc5c6ef80091421acd5e517f943b4a","3442","3214","CC BY-SA 4.0","กสิณธร ราชโอรส","batch23/nakprok/181262937_(2023)_วัดสุทัศนเทพวรารามราชวรมหาวิหาร_เขตพระนคร_กรุงเทพมหานคร_(28)_(close_up).jpg"
"6255816","prathanphon","unresolved:prathanphon:e2d14b1cf7c6","text_search","ปางประทานพร พระพุทธรูป","File:Dhammikarama-Burmese-Temple-Standing-Buddha-Mar-2001-00.JPG","https://commons.wikimedia.org/wiki/File:Dhammikarama-Burmese-Temple-Standing-Buddha-Mar-2001-00.JPG","https://upload.wikimedia.org/wikipedia/commons/e/e3/Dhammikarama-Burmese-Temple-Standing-Buddha-Mar-2001-00.JPG","images/prathanphon/6255816_Dhammikarama-Burmese-Temple-Standing-Buddha-Mar-2001-00.jpg","a054ffe6f010816257a316c6a98e471f99a9daea","768","1024","CC BY-SA 3.0","Acred99","batch23/prathanphon/6255816_Dhammikarama-Burmese-Temple-Standing-Buddha-Mar-2001-00.jpg"
"21256985","prathanphon","unresolved:prathanphon:312f38975971","text_search","ปางประทานพร พระพุทธรูป","File:Standing Buddha!.JPG","https://commons.wikimedia.org/wiki/File:Standing_Buddha!.JPG","https://upload.wikimedia.org/wikipedia/commons/thumb/3/32/Standing_Buddha%21.JPG/1920px-Standing_Buddha%21.JPG","images/prathanphon/21256985_Standing_Buddha!.jpg","b9ae83549cb76f1204e3a9ebe9364b44c686b7e7","3888","2592","CC BY-SA 3.0","Sandeepramamurthi","batch23/prathanphon/21256985_Standing_Buddha!.jpg"
"30702717","prathanphon","unresolved:prathanphon:2fd1f61b279f","text_search","ปางประทานพร พระพุทธรูป","File:Standing Buddha, National Museum, New Delhi.jpg","https://commons.wikimedia.org/wiki/File:Standing_Buddha,_National_Museum,_New_Delhi.jpg","https://upload.wikimedia.org/wikipedia/commons/e/e1/Standing_Buddha%2C_National_Museum%2C_New_Delhi.jpg","images/prathanphon/30702717_Standing_Buddha,_National_Museum,_New_Delhi.jpg","35c4b35a04d53728456e484ff7dc5ce7fb40f5a0","575","1024","CC BY-SA 3.0","Anwaraj","batch23/prathanphon/30702717_Standing_Buddha,_National_Museum,_New_Delhi.jpg"
"59879669","prathanphon","unresolved:prathanphon:9b8ee9319416","text_search","ปางประทานพร พระพุทธรูป","File:041 Standing Buddha 1, 13c, Lopburi (34408704404).jpg","https://commons.wikimedia.org/wiki/File:041_Standing_Buddha_1,_13c,_Lopburi_(34408704404).jpg","https://upload.wikimedia.org/wikipedia/commons/thumb/c/c1/041_Standing_Buddha_1%2C_13c%2C_Lopburi_%2834408704404%29.jpg/1920px-041_Standing_Buddha_1%2C_13c%2C_Lopburi_%2834408704404%29.jpg","images/prathanphon/59879669_041_Standing_Buddha_1,_13c,_Lopburi_(34408704404).jpg","10e4361b635ce7114c492af94e928fc2c08aaa3c","2547","5858","CC BY 2.0","Photo Dharma from Sadao, Thailand","batch23/prathanphon/59879669_041_Standing_Buddha_1,_13c,_Lopburi_(34408704404).jpg"
"59879686","prathanphon","unresolved:prathanphon:9abcdea933f8","text_search","ปางประทานพร พระพุทธรูป","File:044 Standing Buddha 3, 13c, Lopburi (34865451300).jpg","https://commons.wikimedia.org/wiki/File:044_Standing_Buddha_3,_13c,_Lopburi_(34865451300).jpg","https://upload.wikimedia.org/wikipedia/commons/thumb/4/4e/044_Standing_Buddha_3%2C_13c%2C_Lopburi_%2834865451300%29.jpg/1920px-044_Standing_Buddha_3%2C_13c%2C_Lopburi_%2834865451300%29.jpg","images/prathanphon/59879686_044_Standing_Buddha_3,_13c,_Lopburi_(34865451300).jpg","eaa6e3ab364d6cba276a04567d456af919b0e116","2290","6000","CC BY 2.0","Photo Dharma from Sadao, Thailand","batch23/prathanphon/59879686_044_Standing_Buddha_3,_13c,_Lopburi_(34865451300).jpg"
"59879773","prathanphon","unresolved:prathanphon:4b880753b633","text_search","ปางประทานพร พระพุทธรูป","File:098 Standing Crowned Buddha, 16c, Ayutthaya (35122822921).jpg","https://commons.wikimedia.org/wiki/File:098_Standing_Crowned_Buddha,_16c,_Ayutthaya_(35122822921).jpg","https://upload.wikimedia.org/wikipedia/commons/thumb/e/ec/098_Standing_Crowned_Buddha%2C_16c%2C_Ayutthaya_%2835122822921%29.jpg/1920px-098_Standing_Crowned_Buddha%2C_16c%2C_Ayutthaya_%2835122822921%29.jpg","images/prathanphon/59879773_098_Standing_Crowned_Buddha,_16c,_Ayutthaya_(35122822921).jpg","a74beeb27a994bcb0e5dcc32f4587556d8d09d09","2513","5599","CC BY 2.0","Photo Dharma from Sadao, Thailand","batch23/prathanphon/59879773_098_Standing_Crowned_Buddha,_16c,_Ayutthaya_(35122822921).jpg"
"59879777","prathanphon","unresolved:prathanphon:4e38ca5e38b4","text_search","ปางประทานพร พระพุทธรูป","File:097 Standing Crowned Buddha, 16c, Ayutthaya (35122825211).jpg","https://commons.wikimedia.org/wiki/File:097_Standing_Crowned_Buddha,_16c,_Ayutthaya_(35122825211).jpg","https://upload.wikimedia.org/wikipedia/commons/thumb/e/ec/097_Standing_Crowned_Buddha%2C_16c%2C_Ayutthaya_%2835122825211%29.jpg/1920px-097_Standing_Crowned_Buddha%2C_16c%2C_Ayutthaya_%2835122825211%29.jpg","images/prathanphon/59879777_097_Standing_Crowned_Buddha,_16c,_Ayutthaya_(35122825211).jpg","232305a59e7b10a4eed835c7bef941bb89e06a22","2519","5344","CC BY 2.0","Photo Dharma from Sadao, Thailand","batch23/prathanphon/59879777_097_Standing_Crowned_Buddha,_16c,_Ayutthaya_(35122825211).jpg"
"59879782","prathanphon","unresolved:prathanphon:e0b905292faf","text_search","ปางประทานพร พระพุทธรูป","File:100 Standing Crowned Buddha, 17c, Ayutthaya (35122819481).jpg","https://commons.wikimedia.org/wiki/File:100_Standing_Crowned_Buddha,_17c,_Ayutthaya_(35122819481).jpg","https://upload.wikimedia.org/wikipedia/commons/thumb/3/3a/100_Standing_Crowned_Buddha%2C_17c%2C_Ayutthaya_%2835122819481%29.jpg/1920px-100_Standing_Crowned_Buddha%2C_17c%2C_Ayutthaya_%2835122819481%29.jpg","images/prathanphon/59879782_100_Standing_Crowned_Buddha,_17c,_Ayutthaya_(35122819481).jpg","21ce6f543f55f1bab400697966af1974c3c2a5df","2028","5977","CC BY 2.0","Photo Dharma from Sadao, Thailand","batch23/prathanphon/59879782_100_Standing_Crowned_Buddha,_17c,_Ayutthaya_(35122819481).jpg"
"62498678","prathanphon","unresolved:prathanphon:b8784bb98f66","text_search","ปางประทานพร พระพุทธรูป","File:Standing Buddha Guimet MA8146 n02.jpg","https://commons.wikimedia.org/wiki/File:Standing_Buddha_Guimet_MA8146_n02.jpg","https://upload.wikimedia.org/wikipedia/commons/thumb/3/31/Standing_Buddha_Guimet_MA8146_n02.jpg/1920px-Standing_Buddha_Guimet_MA8146_n02.jpg","images/prathanphon/62498678_Standing_Buddha_Guimet_MA8146_n02.jpg","a720e539eeac9f9bb4421c29eb40599a46b5a751","4531","6789","Public domain","Marie-Lan Nguyen","batch23/prathanphon/62498678_Standing_Buddha_Guimet_MA8146_n02.jpg"
"62498679","prathanphon","unresolved:prathanphon:6171d3828aed","text_search","ปางประทานพร พระพุทธรูป","File:Standing Buddha Guimet MA8146 n01.jpg","https://commons.wikimedia.org/wiki/File:Standing_Buddha_Guimet_MA8146_n01.jpg","https://upload.wikimedia.org/wikipedia/commons/thumb/d/dd/Standing_Buddha_Guimet_MA8146_n01.jpg/1920px-Standing_Buddha_Guimet_MA8146_n01.jpg","images/prathanphon/62498679_Standing_Buddha_Guimet_MA8146_n01.jpg","34087d644d8daf9fb9ed9b7091d3e8825959e81c","4754","7125","Public domain","Marie-Lan Nguyen","batch23/prathanphon/62498679_Standing_Buddha_Guimet_MA8146_n01.jpg"
"62877062","prathanphon","unresolved:prathanphon:53a2e555f68a","text_search","ปางประทานพร พระพุทธรูป","File:Standing Buddha in Dehradun.jpg","https://commons.wikimedia.org/wiki/File:Standing_Buddha_in_Dehradun.jpg","https://upload.wikimedia.org/wikipedia/commons/0/0b/Standing_Buddha_in_Dehradun.jpg","images/prathanphon/62877062_Standing_Buddha_in_Dehradun.jpg","55c22111c69295e4063dc1b99430161a01bfb5be","1200","1600","CC BY-SA 4.0","Saptarshi Kayal","batch23/prathanphon/62877062_Standing_Buddha_in_Dehradun.jpg"
"82984471","prathanphon","unresolved:prathanphon:02a092f4f6ac","text_search","ปางประทานพร พระพุทธรูป","File:Standing Buddha in Pyi Lone Chamtha Pagoda.jpg","https://commons.wikimedia.org/wiki/File:Standing_Buddha_in_Pyi_Lone_Chamtha_Pagoda.jpg","https://upload.wikimedia.org/wikipedia/commons/thumb/2/2d/Standing_Buddha_in_Pyi_Lone_Chamtha_Pagoda.jpg/1920px-Standing_Buddha_in_Pyi_Lone_Chamtha_Pagoda.jpg","images/prathanphon/82984471_Standing_Buddha_in_Pyi_Lone_Chamtha_Pagoda.jpg","874072d8683f13e60e1aba2ebd67aa5b2916dff9","3888","5184","CC BY-SA 4.0","Christophe95","batch23/prathanphon/82984471_Standing_Buddha_in_Pyi_Lone_Chamtha_Pagoda.jpg"
"86235111","prathanphon","unresolved:prathanphon:e76aeb37ca53","text_search","ปางประทานพร พระพุทธรูป","File:Standing Buddha statue.jpg","https://commons.wikimedia.org/wiki/File:Standing_Buddha_statue.jpg","https://upload.wikimedia.org/wikipedia/commons/8/8d/Standing_Buddha_statue.jpg","images/prathanphon/86235111_Standing_Buddha_statue.jpg","bae127d6d59c83e73415b69ebb107b137fc38636","720","720","CC BY-SA 4.0","Sona Shrestha","batch23/prathanphon/86235111_Standing_Buddha_statue.jpg"
"95210557","prathanphon","unresolved:prathanphon:3fe0d72fab3f","text_search","ปางประทานพร พระพุทธรูป","File:Standing Buddha Guimet MA6284.jpg","https://commons.wikimedia.org/wiki/File:Standing_Buddha_Guimet_MA6284.jpg","https://upload.wikimedia.org/wikipedia/commons/thumb/f/f5/Standing_Buddha_Guimet_MA6284.jpg/1920px-Standing_Buddha_Guimet_MA6284.jpg","images/prathanphon/95210557_Standing_Buddha_Guimet_MA6284.jpg","f43aed215ceff2f0473cbd13610fbff1cb7929dc","4000","6000","Public domain","Marie-Lan Nguyen","batch23/prathanphon/95210557_Standing_Buddha_Guimet_MA6284.jpg"
"98518484","prathanphon","unresolved:prathanphon:30e6f0118b93","text_search","ปางประทานพร พระพุทธรูป","File:Bagan, Myanmar, Standing Buddha in Ananda Temple.jpg","https://commons.wikimedia.org/wiki/File:Bagan,_Myanmar,_Standing_Buddha_in_Ananda_Temple.jpg","https://upload.wikimedia.org/wikipedia/commons/thumb/8/8c/Bagan%2C_Myanmar%2C_Standing_Buddha_in_Ananda_Temple.jpg/1920px-Bagan%2C_Myanmar%2C_Standing_Buddha_in_Ananda_Temple.jpg","images/prathanphon/98518484_Bagan,_Myanmar,_Standing_Buddha_in_Ananda_Temple.jpg","7bad22e5c846b25823f795ad1bb771ebca2ad013","4000","3000","CC BY 4.0","Vyacheslav Argenberg","batch23/prathanphon/98518484_Bagan,_Myanmar,_Standing_Buddha_in_Ananda_Temple.jpg"
"101612289","prathanphon","unresolved:prathanphon:40026761056b","text_search","ปางประทานพร พระพุทธรูป","File:Standing Buddha Varanasi.jpg","https://commons.wikimedia.org/wiki/File:Standing_Buddha_Varanasi.jpg","https://upload.wikimedia.org/wikipedia/commons/a/ac/Standing_Buddha_Varanasi.jpg","images/prathanphon/101612289_Standing_Buddha_Varanasi.jpg","ce64ff2435d16b3bdcba4752445d211c61e3aa3d","810","1440","CC BY-SA 4.0","Captainvyom20","batch23/prathanphon/101612289_Standing_Buddha_Varanasi.jpg"
"146898245","prathanphon","unresolved:prathanphon:d6a3256f29af","text_search","ปางประทานพร พระพุทธรูป","File:042 Standing Buddha in Bronze, Brahmavihara Monastery, Melaka, Malaysia, photograph by Anandajoti Bhikkhu.jpg","https://commons.wikimedia.org/wiki/File:042_Standing_Buddha_in_Bronze,_Brahmavihara_Monastery,_Melaka,_Malaysia,_photograph_by_Anandajoti_Bhikkhu.jpg","https://upload.wikimedia.org/wikipedia/commons/e/e9/042_Standing_Buddha_in_Bronze%2C_Brahmavihara_Monastery%2C_Melaka%2C_Malaysia%2C_photograph_by_Anandajoti_Bhikkhu.jpg","images/prathanphon/146898245_042_Standing_Buddha_in_Bronze,_Brahmavihara_Monastery,_Melaka,_Malaysia,_photograph_by_Anandajoti_Bh.jpg","8fadef7ed966e61082ac0af9d8ede881ee3394c0","1662","5461","CC BY-SA 4.0","Anandajoti","batch23/prathanphon/146898245_042_Standing_Buddha_in_Bronze,_Brahmavihara_Monastery,_Melaka,_Malaysia,_photograph_by_Anandajoti_Bh.jpg"
"178765263","prathanphon","unresolved:prathanphon:b09d77b0decd","text_search","ปางประทานพร พระพุทธรูป","File:Sandstone standing Buddha, British Museum 01.jpg","https://commons.wikimedia.org/wiki/File:Sandstone_standing_Buddha,_British_Museum_01.jpg","https://upload.wikimedia.org/wikipedia/commons/thumb/9/90/Sandstone_standing_Buddha%2C_British_Museum_01.jpg/1920px-Sandstone_standing_Buddha%2C_British_Museum_01.jpg","images/prathanphon/178765263_Sandstone_standing_Buddha,_British_Museum_01.jpg","7920195fb5d968955ade0f806190923fb66c2e0b","2666","4749","CC0","14GTR","batch23/prathanphon/178765263_Sandstone_standing_Buddha,_British_Museum_01.jpg"
"178765264","prathanphon","unresolved:prathanphon:42f663c756c2","text_search","ปางประทานพร พระพุทธรูป","File:Sandstone standing Buddha, British Museum 02.jpg","https://commons.wikimedia.org/wiki/File:Sandstone_standing_Buddha,_British_Museum_02.jpg","https://upload.wikimedia.org/wikipedia/commons/thumb/e/e5/Sandstone_standing_Buddha%2C_British_Museum_02.jpg/1920px-Sandstone_standing_Buddha%2C_British_Museum_02.jpg","images/prathanphon/178765264_Sandstone_standing_Buddha,_British_Museum_02.jpg","c65df5f3d527048936a7504cb252941ad51dad91","2568","4462","CC0","14GTR","batch23/prathanphon/178765264_Sandstone_standing_Buddha,_British_Museum_02.jpg"
"93329361","prathanphon","unresolved:prathanphon:ff53f1f64f80","text_search","""พระพุทธรูปปางประทานพร""","File:วัดลาดทราย2.jpg","https://commons.wikimedia.org/wiki/File:%E0%B8%A7%E0%B8%B1%E0%B8%94%E0%B8%A5%E0%B8%B2%E0%B8%94%E0%B8%97%E0%B8%A3%E0%B8%B2%E0%B8%A22.jpg","https://upload.wikimedia.org/wikipedia/commons/e/ee/%E0%B8%A7%E0%B8%B1%E0%B8%94%E0%B8%A5%E0%B8%B2%E0%B8%94%E0%B8%97%E0%B8%A3%E0%B8%B2%E0%B8%A22.jpg","images/prathanphon/93329361_วัดลาดทราย2.jpg","46366cdeac8255d0f55a325d401b7fe841d3f7f0","397","656","CC BY-SA 4.0","Samuraikingbook","batch23/prathanphon/93329361_วัดลาดทราย2.jpg"
"123206643","prathanphon","unresolved:prathanphon:2aa4410fe9f6","text_search","""พระพุทธรูปปางประทานพร""","File:วัดพระธาตุเขาน้อย-2.jpg","https://commons.wikimedia.org/wiki/File:%E0%B8%A7%E0%B8%B1%E0%B8%94%E0%B8%9E%E0%B8%A3%E0%B8%B0%E0%B8%98%E0%B8%B2%E0%B8%95%E0%B8%B8%E0%B9%80%E0%B8%82%E0%B8%B2%E0%B8%99%E0%B9%89%E0%B8%AD%E0%B8%A2-2.jpg","https://upload.wikimedia.org/wikipedia/commons/thumb/1/1d/%E0%B8%A7%E0%B8%B1%E0%B8%94%E0%B8%9E%E0%B8%A3%E0%B8%B0%E0%B8%98%E0%B8%B2%E0%B8%95%E0%B8%B8%E0%B9%80%E0%B8%82%E0%B8%B2%E0%B8%99%E0%B9%89%E0%B8%AD%E0%B8%A2-2.jpg/1920px-%E0%B8%A7%E0%B8%B1%E0%B8%94%E0%B8%9E%E0%B8%A3%E0%B8%B0%E0%B8%98%E0%B8%B2%E0%B8%95%E0%B8%B8%E0%B9%80%E0%B8%82%E0%B8%B2%E0%B8%99%E0%B9%89%E0%B8%AD%E0%B8%A2-2.jpg","images/prathanphon/123206643_วัดพระธาตุเขาน้อย-2.jpg","63b5863842ff11b7767c6b84282e089b838821ca","3744","2106","CC BY-SA 4.0","Yakuzakorat","batch23/prathanphon/123206643_วัดพระธาตุเขาน้อย-2.jpg"
"123206656","prathanphon","unresolved:prathanphon:57f767e947bc","text_search","""พระพุทธรูปปางประทานพร""","File:วัดพระธาตุเขาน้อย--1.jpg","https://commons.wikimedia.org/wiki/File:%E0%B8%A7%E0%B8%B1%E0%B8%94%E0%B8%9E%E0%B8%A3%E0%B8%B0%E0%B8%98%E0%B8%B2%E0%B8%95%E0%B8%B8%E0%B9%80%E0%B8%82%E0%B8%B2%E0%B8%99%E0%B9%89%E0%B8%AD%E0%B8%A2--1.jpg","https://upload.wikimedia.org/wikipedia/commons/thumb/6/6b/%E0%B8%A7%E0%B8%B1%E0%B8%94%E0%B8%9E%E0%B8%A3%E0%B8%B0%E0%B8%98%E0%B8%B2%E0%B8%95%E0%B8%B8%E0%B9%80%E0%B8%82%E0%B8%B2%E0%B8%99%E0%B9%89%E0%B8%AD%E0%B8%A2--1.jpg/1920px-%E0%B8%A7%E0%B8%B1%E0%B8%94%E0%B8%9E%E0%B8%A3%E0%B8%B0%E0%B8%98%E0%B8%B2%E0%B8%95%E0%B8%B8%E0%B9%80%E0%B8%82%E0%B8%B2%E0%B8%99%E0%B9%89%E0%B8%AD%E0%B8%A2--1.jpg","images/prathanphon/123206656_วัดพระธาตุเขาน้อย--1.jpg","de3685d15dd8bbb06f562c8d4e28f3cd532d2333","5607","3738","CC BY-SA 4.0","Yakuzakorat","batch23/prathanphon/123206656_วัดพระธาตุเขาน้อย--1.jpg"
"123206657","prathanphon","unresolved:prathanphon:99baf23c8860","text_search","""พระพุทธรูปปางประทานพร""","File:วัดพระธาตุเขาน้อย-3.jpg","https://commons.wikimedia.org/wiki/File:%E0%B8%A7%E0%B8%B1%E0%B8%94%E0%B8%9E%E0%B8%A3%E0%B8%B0%E0%B8%98%E0%B8%B2%E0%B8%95%E0%B8%B8%E0%B9%80%E0%B8%82%E0%B8%B2%E0%B8%99%E0%B9%89%E0%B8%AD%E0%B8%A2-3.jpg","https://upload.wikimedia.org/wikipedia/commons/thumb/3/35/%E0%B8%A7%E0%B8%B1%E0%B8%94%E0%B8%9E%E0%B8%A3%E0%B8%B0%E0%B8%98%E0%B8%B2%E0%B8%95%E0%B8%B8%E0%B9%80%E0%B8%82%E0%B8%B2%E0%B8%99%E0%B9%89%E0%B8%AD%E0%B8%A2-3.jpg/1920px-%E0%B8%A7%E0%B8%B1%E0%B8%94%E0%B8%9E%E0%B8%A3%E0%B8%B0%E0%B8%98%E0%B8%B2%E0%B8%95%E0%B8%B8%E0%B9%80%E0%B8%82%E0%B8%B2%E0%B8%99%E0%B9%89%E0%B8%AD%E0%B8%A2-3.jpg","images/prathanphon/123206657_วัดพระธาตุเขาน้อย-3.jpg","992fc56233c86db010f20f47c256dbc55f85d8fd","7177","4935","CC BY-SA 4.0","Yakuzakorat","batch23/prathanphon/123206657_วัดพระธาตุเขาน้อย-3.jpg"
"123206660","prathanphon","unresolved:prathanphon:c39e99b34c34","text_search","""พระพุทธรูปปางประทานพร""","File:วัดพระธาตุเขาน้อย-4.jpg","https://commons.wikimedia.org/wiki/File:%E0%B8%A7%E0%B8%B1%E0%B8%94%E0%B8%9E%E0%B8%A3%E0%B8%B0%E0%B8%98%E0%B8%B2%E0%B8%95%E0%B8%B8%E0%B9%80%E0%B8%82%E0%B8%B2%E0%B8%99%E0%B9%89%E0%B8%AD%E0%B8%A2-4.jpg","https://upload.wikimedia.org/wikipedia/commons/thumb/5/52/%E0%B8%A7%E0%B8%B1%E0%B8%94%E0%B8%9E%E0%B8%A3%E0%B8%B0%E0%B8%98%E0%B8%B2%E0%B8%95%E0%B8%B8%E0%B9%80%E0%B8%82%E0%B8%B2%E0%B8%99%E0%B9%89%E0%B8%AD%E0%B8%A2-4.jpg/1920px-%E0%B8%A7%E0%B8%B1%E0%B8%94%E0%B8%9E%E0%B8%A3%E0%B8%B0%E0%B8%98%E0%B8%B2%E0%B8%95%E0%B8%B8%E0%B9%80%E0%B8%82%E0%B8%B2%E0%B8%99%E0%B9%89%E0%B8%AD%E0%B8%A2-4.jpg","images/prathanphon/123206660_วัดพระธาตุเขาน้อย-4.jpg","81dd677b04f12c3f60dcee32f8be132b3a5ec999","7876","5907","CC BY-SA 4.0","Yakuzakorat","batch23/prathanphon/123206660_วัดพระธาตุเขาน้อย-4.jpg"
"123206673","prathanphon","unresolved:prathanphon:6cfb57f2d2f6","text_search","""พระพุทธรูปปางประทานพร""","File:วัดพระธาตุเขาน้อย-5.jpg","https://commons.wikimedia.org/wiki/File:%E0%B8%A7%E0%B8%B1%E0%B8%94%E0%B8%9E%E0%B8%A3%E0%B8%B0%E0%B8%98%E0%B8%B2%E0%B8%95%E0%B8%B8%E0%B9%80%E0%B8%82%E0%B8%B2%E0%B8%99%E0%B9%89%E0%B8%AD%E0%B8%A2-5.jpg","https://upload.wikimedia.org/wikipedia/commons/thumb/e/eb/%E0%B8%A7%E0%B8%B1%E0%B8%94%E0%B8%9E%E0%B8%A3%E0%B8%B0%E0%B8%98%E0%B8%B2%E0%B8%95%E0%B8%B8%E0%B9%80%E0%B8%82%E0%B8%B2%E0%B8%99%E0%B9%89%E0%B8%AD%E0%B8%A2-5.jpg/1920px-%E0%B8%A7%E0%B8%B1%E0%B8%94%E0%B8%9E%E0%B8%A3%E0%B8%B0%E0%B8%98%E0%B8%B2%E0%B8%95%E0%B8%B8%E0%B9%80%E0%B8%82%E0%B8%B2%E0%B8%99%E0%B9%89%E0%B8%AD%E0%B8%A2-5.jpg","images/prathanphon/123206673_วัดพระธาตุเขาน้อย-5.jpg","2fae0ceb42fe27c4d5b34e0d3f45cc0b25f7db7f","8192","3258","CC BY-SA 4.0","Yakuzakorat","batch23/prathanphon/123206673_วัดพระธาตุเขาน้อย-5.jpg"
"123206674","prathanphon","unresolved:prathanphon:f347d5d1dcd6","text_search","""พระพุทธรูปปางประทานพร""","File:วัดพระธาตุเขาน้อย-6.jpg","https://commons.wikimedia.org/wiki/File:%E0%B8%A7%E0%B8%B1%E0%B8%94%E0%B8%9E%E0%B8%A3%E0%B8%B0%E0%B8%98%E0%B8%B2%E0%B8%95%E0%B8%B8%E0%B9%80%E0%B8%82%E0%B8%B2%E0%B8%99%E0%B9%89%E0%B8%AD%E0%B8%A2-6.jpg","https://upload.wikimedia.org/wikipedia/commons/thumb/f/f3/%E0%B8%A7%E0%B8%B1%E0%B8%94%E0%B8%9E%E0%B8%A3%E0%B8%B0%E0%B8%98%E0%B8%B2%E0%B8%95%E0%B8%B8%E0%B9%80%E0%B8%82%E0%B8%B2%E0%B8%99%E0%B9%89%E0%B8%AD%E0%B8%A2-6.jpg/1920px-%E0%B8%A7%E0%B8%B1%E0%B8%94%E0%B8%9E%E0%B8%A3%E0%B8%B0%E0%B8%98%E0%B8%B2%E0%B8%95%E0%B8%B8%E0%B9%80%E0%B8%82%E0%B8%B2%E0%B8%99%E0%B9%89%E0%B8%AD%E0%B8%A2-6.jpg","images/prathanphon/123206674_วัดพระธาตุเขาน้อย-6.jpg","592bcab43337fb03a0269fd21070fbce64ba43b3","7658","5744","CC BY-SA 4.0","Yakuzakorat","batch23/prathanphon/123206674_วัดพระธาตุเขาน้อย-6.jpg"
"123206677","prathanphon","unresolved:prathanphon:2bafd4bcac30","text_search","""พระพุทธรูปปางประทานพร""","File:วัดพระธาตุเขาน้อย-7.jpg","https://commons.wikimedia.org/wiki/File:%E0%B8%A7%E0%B8%B1%E0%B8%94%E0%B8%9E%E0%B8%A3%E0%B8%B0%E0%B8%98%E0%B8%B2%E0%B8%95%E0%B8%B8%E0%B9%80%E0%B8%82%E0%B8%B2%E0%B8%99%E0%B9%89%E0%B8%AD%E0%B8%A2-7.jpg","https://upload.wikimedia.org/wikipedia/commons/thumb/d/d9/%E0%B8%A7%E0%B8%B1%E0%B8%94%E0%B8%9E%E0%B8%A3%E0%B8%B0%E0%B8%98%E0%B8%B2%E0%B8%95%E0%B8%B8%E0%B9%80%E0%B8%82%E0%B8%B2%E0%B8%99%E0%B9%89%E0%B8%AD%E0%B8%A2-7.jpg/1920px-%E0%B8%A7%E0%B8%B1%E0%B8%94%E0%B8%9E%E0%B8%A3%E0%B8%B0%E0%B8%98%E0%B8%B2%E0%B8%95%E0%B8%B8%E0%B9%80%E0%B8%82%E0%B8%B2%E0%B8%99%E0%B9%89%E0%B8%AD%E0%B8%A2-7.jpg","images/prathanphon/123206677_วัดพระธาตุเขาน้อย-7.jpg","0f4f7389eabd4cddf0f074b3695d9e8b952b1283","6784","4816","CC BY-SA 4.0","Yakuzakorat","batch23/prathanphon/123206677_วัดพระธาตุเขาน้อย-7.jpg"
"186219307","prathanphon","unresolved:prathanphon:07a53ffff466","text_search","""พระพุทธรูปปางประทานพร""","File:WATMAHATTHAI ANGTHONG.jpg","https://commons.wikimedia.org/wiki/File:WATMAHATTHAI_ANGTHONG.jpg","https://upload.wikimedia.org/wikipedia/commons/e/ed/WATMAHATTHAI_ANGTHONG.jpg","images/prathanphon/186219307_WATMAHATTHAI_ANGTHONG.jpg","079b93cc98a89aa508bc62781d2ebadf1cc0ff97","922","943","CC BY-SA 4.0","Raphind","batch23/prathanphon/186219307_WATMAHATTHAI_ANGTHONG.jpg"
"7751748","prathanphon","unresolved:prathanphon:d3e0907552bb","text_search","""ประทานพร"" พระพุทธรูป","File:HAT YAI MUNICIPAL 417.jpg","https://commons.wikimedia.org/wiki/File:HAT_YAI_MUNICIPAL_417.jpg","https://upload.wikimedia.org/wikipedia/commons/c/cc/HAT_YAI_MUNICIPAL_417.jpg","images/prathanphon/7751748_HAT_YAI_MUNICIPAL_417.jpg","789be37ddf98acacefc43c9894369cb0a1bd0912","432","644","CC BY-SA 3.0","Hannah 50","batch23/prathanphon/7751748_HAT_YAI_MUNICIPAL_417.jpg"
"51667463","prathanphon","unresolved:prathanphon:e00c0e8db526","text_search","""Luang Pho Chin Prathan Phon""","File:วัดถ้ำเสือ กาญจนบุรี.jpg","https://commons.wikimedia.org/wiki/File:%E0%B8%A7%E0%B8%B1%E0%B8%94%E0%B8%96%E0%B9%89%E0%B8%B3%E0%B9%80%E0%B8%AA%E0%B8%B7%E0%B8%AD_%E0%B8%81%E0%B8%B2%E0%B8%8D%E0%B8%88%E0%B8%99%E0%B8%9A%E0%B8%B8%E0%B8%A3%E0%B8%B5.jpg","https://upload.wikimedia.org/wikipedia/commons/1/1c/%E0%B8%A7%E0%B8%B1%E0%B8%94%E0%B8%96%E0%B9%89%E0%B8%B3%E0%B9%80%E0%B8%AA%E0%B8%B7%E0%B8%AD_%E0%B8%81%E0%B8%B2%E0%B8%8D%E0%B8%88%E0%B8%99%E0%B8%9A%E0%B8%B8%E0%B8%A3%E0%B8%B5.jpg","images/prathanphon/51667463_วัดถ้ำเสือ_กาญจนบุรี.jpg","db22abe4c2e6541bc2d5fb92af7338427c704575","1000","667","CC BY-SA 4.0","Jusung","batch23/prathanphon/51667463_วัดถ้ำเสือ_กาญจนบุรี.jpg"
"148680564","prathanphon","unresolved:prathanphon:465fdbb8a9d0","text_search","""Luang Pho Chin Prathan Phon""","File:Wat Tham Suea,Kanchanaburi (5).jpg","https://commons.wikimedia.org/wiki/File:Wat_Tham_Suea,Kanchanaburi_(5).jpg","https://upload.wikimedia.org/wikipedia/commons/thumb/1/17/Wat_Tham_Suea%2CKanchanaburi_%285%29.jpg/1920px-Wat_Tham_Suea%2CKanchanaburi_%285%29.jpg","images/prathanphon/148680564_Wat_Tham_Suea,Kanchanaburi_(5).jpg","de682803f8723645595e4a1413e7116b6b74ca58","4320","3240","CC BY-SA 4.0","กสิณธร ราชโอรส","batch23/prathanphon/148680564_Wat_Tham_Suea,Kanchanaburi_(5).jpg"
"148680581","prathanphon","unresolved:prathanphon:e065ebec6f2c","text_search","""Luang Pho Chin Prathan Phon""","File:Wat Tham Suea,Kanchanaburi (14).jpg","https://commons.wikimedia.org/wiki/File:Wat_Tham_Suea,Kanchanaburi_(14).jpg","https://upload.wikimedia.org/wikipedia/commons/thumb/5/5e/Wat_Tham_Suea%2CKanchanaburi_%2814%29.jpg/1920px-Wat_Tham_Suea%2CKanchanaburi_%2814%29.jpg","images/prathanphon/148680581_Wat_Tham_Suea,Kanchanaburi_(14).jpg","5cae4ce1272f150a65a6c8abb7f04dba9b105bed","3240","4320","CC BY-SA 4.0","กสิณธร ราชโอรส","batch23/prathanphon/148680581_Wat_Tham_Suea,Kanchanaburi_(14).jpg"
"148773612","prathanphon","unresolved:prathanphon:92e2ff9a234a","text_search","""Luang Pho Chin Prathan Phon""","File:Wat Tham Suea,Kanchanaburi (57).jpg","https://commons.wikimedia.org/wiki/File:Wat_Tham_Suea,Kanchanaburi_(57).jpg","https://upload.wikimedia.org/wikipedia/commons/thumb/b/b9/Wat_Tham_Suea%2CKanchanaburi_%2857%29.jpg/1920px-Wat_Tham_Suea%2CKanchanaburi_%2857%29.jpg","images/prathanphon/148773612_Wat_Tham_Suea,Kanchanaburi_(57).jpg","c7a0ce8dea4a6f7d268ce2fc13ae88bfdb626a97","3240","4320","CC BY-SA 4.0","กสิณธร ราชโอรส","batch23/prathanphon/148773612_Wat_Tham_Suea,Kanchanaburi_(57).jpg"
"148773681","prathanphon","unresolved:prathanphon:ac758e6dc275","text_search","""Luang Pho Chin Prathan Phon""","File:Wat Tham Suea,Kanchanaburi (79).jpg","https://commons.wikimedia.org/wiki/File:Wat_Tham_Suea,Kanchanaburi_(79).jpg","https://upload.wikimedia.org/wikipedia/commons/thumb/9/9d/Wat_Tham_Suea%2CKanchanaburi_%2879%29.jpg/1920px-Wat_Tham_Suea%2CKanchanaburi_%2879%29.jpg","images/prathanphon/148773681_Wat_Tham_Suea,Kanchanaburi_(79).jpg","ddb934152749730f4b2f4d646b6c6f1bfbf079da","4592","3448","CC BY-SA 4.0","กสิณธร ราชโอรส","batch23/prathanphon/148773681_Wat_Tham_Suea,Kanchanaburi_(79).jpg"
